cv_id,jd_id,jd_role,fit_level_intended,skill_score,experience_score,education_score,rule_based_score,w_skills,w_experience,w_education,min_experience_years,required_degree_rank,n_require_skills,final_score,strengths,gaps,explanation
cv_synthetic_jd_0001_good_fit,synthetic_jd_0001,Fullstack Developer,good_fit,0.725,1.0,1.0,84.9,0.55,0.35,0.1,4.0,3,18,88.0,"5 năm kinh nghiệm đúng nghề, vượt mức tối thiểu 4 năm mà vị trí yêu cầu | Thành thạo cả hai hướng backend mà công ty chấp nhận (NestJS và Laravel) cùng ReactJS, TypeScript | Đã tối ưu cơ sở dữ liệu giảm 40% thời gian truy vấn và dùng bộ nhớ đệm để chịu tải gấp 3 lần mùa cao điểm | Đã trực tiếp hướng dẫn 2 lập trình viên và tự làm sản phẩm mô phỏng nghiệp vụ bất động sản","Chưa dùng hàng đợi tin nhắn (RabbitMQ/Kafka) trong dự án thật, mới ở mức kiến thức | Chưa có kinh nghiệm Next.js và tối ưu tìm kiếm cho trang giới thiệu dự án | Chưa từng làm hệ thống phục vụ nhiều chi nhánh/công ty con cùng lúc | Kinh nghiệm bất động sản mới dừng ở dự án cá nhân, chưa phải sản phẩm thương mại","Ứng viên có đúng số năm, đúng bộ công nghệ và đã giải các bài toán tải cao rất giống hệ thống công ty đang xây. Tôi hạ nhẹ so với máy chấm vì một vài kỹ năng nâng cao mới ở mức tìm hiểu. Nên mời phỏng vấn sớm."
cv_synthetic_jd_0001_poor_fit,synthetic_jd_0001,Fullstack Developer,poor_fit,0.364,0.03,1.0,31.1,0.55,0.35,0.1,4.0,3,18,42.0,"Có bằng đại học đúng nhóm ngành công nghệ thông tin | Biết Python và cơ sở dữ liệu ở mức cơ bản, có tư duy xử lý số liệu | Đã thực tập 3 tháng và quen với việc làm việc nhóm, theo dõi tiến độ","Chỉ có 0.3 năm kinh nghiệm, trong khi vị trí yêu cầu tối thiểu 4 năm ở cấp Senior | Chưa từng dùng bất kỳ công nghệ backend nào công ty yêu cầu (Node.js, Laravel, thiết kế API) | Giao diện mới dừng ở HTML/CSS cơ bản, chưa từng làm ReactJS hay TypeScript | Không có kinh nghiệm triển khai hệ thống lên máy chủ, đóng gói ứng dụng hay tối ưu hiệu năng","Đây là hồ sơ phân tích dữ liệu mới ra trường, gần như không trùng với bộ kỹ năng lập trình mà vị trí Senior này cần. Máy chấm cho điểm khá cao vì các kỹ năng chung như Python, cơ sở dữ liệu, nên tôi hạ xuống đáng kể. Hồ sơ không phù hợp với vị trí."
cv_synthetic_jd_0002_good_fit,synthetic_jd_0002,Mobile Developer (iOS),good_fit,0.834,0.579,1.0,83.3,0.5,0.2,0.3,0.0,2,11,88.0,"Đúng chuyên ngành và nắm chắc Swift, UIKit lẫn SwiftUI - đúng yêu cầu bắt buộc | Đã thực tập 6 tháng đúng mảng iOS, có tham gia quy trình làm việc theo sprint và review code | Có 3 sản phẩm tự làm, trong đó ứng dụng học từ vựng rất sát mảng giáo dục công ty đang phát triển | Biết gọi dịch vụ dữ liệu qua mạng và viết kiểm thử cơ bản - đều là điểm cộng công ty liệt kê","Chưa đưa sản phẩm nào lên chợ ứng dụng hay bản thử nghiệm cho người dùng thật | Chưa có chứng chỉ tiếng Anh dù công ty làm việc với khách Nhật, Hàn, Singapore | Chưa dùng công cụ quản lý thư viện phổ biến trong dự án thật | Chưa từng làm ở môi trường gia công phần mềm theo quy trình khách hàng nước ngoài","Với vị trí tuyển người mới ra trường, ứng viên này gần như đáp ứng đủ: đúng ngôn ngữ, đúng nền tảng, lại có sản phẩm học tiếng Anh rất gần với sản phẩm giáo dục của công ty. Điểm trừ nhỏ là chưa có sản phẩm phát hành thật và chưa có chứng chỉ ngoại ngữ. Nên mời phỏng vấn."
cv_synthetic_jd_0002_partial_fit,synthetic_jd_0002,Mobile Developer (iOS),partial_fit,0.801,0.604,1.0,82.1,0.5,0.2,0.3,0.0,2,11,76.0,"Có 6 tháng thực tập lập trình di động thật, quen quy trình làm việc nhóm và quản lý mã nguồn | Nền tảng lập trình hướng đối tượng và cấu trúc dữ liệu vững, chuyển ngôn ngữ sẽ không quá khó | Đã chủ động tự học Swift và làm được một ứng dụng học từ vựng trên iOS | Đúng bằng cấp và mức kinh nghiệm mà vị trí tuyển người mới ra trường yêu cầu","Kinh nghiệm chính là Android/Kotlin, còn Swift mới học khoảng 3 tháng | Giao diện iOS mới ở mức cơ bản, chưa thạo SwiftUI như mô tả công việc mong muốn | Chưa có sản phẩm iOS nào làm trong môi trường dự án thật | Chưa có chứng chỉ tiếng Anh trong khi công ty làm việc với khách nước ngoài","Ứng viên có nền tảng lập trình di động tốt nhưng chủ yếu ở nền tảng Android, còn iOS mới tự học vài tháng. Máy chấm cho điểm cao vì hai nền tảng có nhiều kỹ năng chung, nên tôi hạ xuống cho đúng thực tế. Có thể cân nhắc nếu công ty chấp nhận đào tạo thêm giai đoạn đầu."
cv_synthetic_jd_0003_good_fit,synthetic_jd_0003,Data Engineer,good_fit,0.72,0.81,1.0,78.4,0.5,0.4,0.1,7.0,3,19,92.0,"8 năm kinh nghiệm, trong đó 3 năm dẫn dắt nhóm - vượt yêu cầu 7 năm và 2 năm lead | Đã trực tiếp chuyển toàn bộ nền tảng dữ liệu 40TB sang mô hình hiện đại trên đám mây | Kinh nghiệm thương mại điện tử đúng ngành, từng làm cả gợi ý sản phẩm lẫn phát hiện gian lận | Có đủ bộ công cụ công ty yêu cầu: Spark, Airflow, Kafka, dbt, kho dữ liệu hiện đại","Kinh nghiệm nền tảng đám mây Google mới ở mức cơ bản, chủ yếu mạnh về Amazon | Kỹ năng vận hành cụm máy chủ container mới ở mức cơ bản | Chưa có chứng chỉ chuyên sâu về kỹ sư dữ liệu mà công ty ưu tiên | Chưa nêu kinh nghiệm về quy định bảo vệ dữ liệu cá nhân ở mức chuyên sâu","Đây là hồ sơ gần như đo ni đóng giày: đúng số năm, đúng vai trò dẫn dắt, đúng ngành thương mại điện tử và đã làm chính xác các bài toán công ty đang cần. Tôi nâng nhẹ so với máy chấm vì kinh nghiệm chuyển đổi nền tảng dữ liệu quy mô lớn rất giá trị. Nên ưu tiên phỏng vấn."
cv_synthetic_jd_0003_poor_fit,synthetic_jd_0003,Data Engineer,poor_fit,0.209,0.039,1.0,22.0,0.5,0.4,0.1,7.0,3,19,34.0,Có bằng đại học đúng nhóm ngành công nghệ thông tin | Biết dùng công cụ quản lý mã nguồn và có tinh thần chủ động học hỏi | Đã có 5 tháng thực tập trong môi trường công ty phần mềm,"Không có bất kỳ kỹ năng nào trong nhóm bắt buộc: Spark, Airflow, Kafka, kho dữ liệu, dbt | Chỉ biết Python ở mức nhập môn, trong khi vị trí đòi hỏi thành thạo để xử lý dữ liệu lớn | Chưa có kinh nghiệm với truy vấn dữ liệu nâng cao hay thiết kế mô hình dữ liệu | Dưới 1 năm kinh nghiệm, trong khi vị trí yêu cầu tối thiểu 7 năm và 2 năm dẫn dắt","Ứng viên mới ra trường với nền tảng làm giao diện web đơn giản, hoàn toàn chưa chạm tới lĩnh vực kỹ thuật dữ liệu. Khoảng cách so với một vị trí cấp cao 7 năm là quá lớn. Hồ sơ không phù hợp."
cv_synthetic_jd_0004_good_fit,synthetic_jd_0004,QA Engineer / Tester,good_fit,0.795,0.692,1.0,78.5,0.6,0.3,0.1,0.5,0,14,91.0,"1.5 năm kinh nghiệm kiểm thử thật, nằm đúng khoảng 6 tháng đến 2 năm vị trí yêu cầu | Đã viết hơn 300 báo cáo lỗi và làm việc trực tiếp với đội lập trình - đúng kỹ năng công ty nhấn mạnh | Có chứng chỉ kiểm thử quốc tế và đã tự học viết kịch bản kiểm thử tự động | Đã kiểm thử cả web và ứng dụng di động trên hai hệ điều hành, đúng sản phẩm công ty đang làm",Kỹ năng kiểm thử tự động mới ở mức tự học và một số luồng cơ bản | Chưa dùng Playwright hay Cypress mà công ty nhắc tới | Chưa biết truy vấn cơ sở dữ liệu để đối chiếu số liệu | Chưa từng làm ở môi trường khởi nghiệp với yêu cầu thay đổi liên tục,"Ứng viên đúng cấp độ, đúng công cụ và đã kiểm thử cả web lẫn di động giống sản phẩm công ty. Việc chủ động tự học kiểm thử tự động cho thấy đúng tinh thần công ty mong muốn. Nên mời phỏng vấn."
cv_synthetic_jd_0004_poor_fit,synthetic_jd_0004,QA Engineer / Tester,poor_fit,0.185,0.385,1.0,32.6,0.6,0.3,0.1,0.5,0,14,40.0,"Rất cẩn thận, tỉ mỉ và có thói quen kiểm tra chéo số liệu - phẩm chất hữu ích cho nghề kiểm thử | Có kinh nghiệm làm việc với nhiều phòng ban và tuân thủ thời hạn báo cáo | Có bằng đại học, trong khi vị trí không bắt buộc bằng cấp cụ thể","Chưa từng viết kịch bản kiểm thử, kế hoạch kiểm thử hay báo cáo lỗi | Không biết phân loại lỗi theo mức độ nghiêm trọng - yêu cầu cơ bản của vị trí | Chưa từng dùng Postman để kiểm thử dịch vụ dữ liệu hay đọc tài liệu kỹ thuật | Toàn bộ 2.2 năm kinh nghiệm là kế toán, không phải kiểm thử phần mềm","Ứng viên là kế toán viên muốn chuyển ngành, có tính cẩn thận phù hợp nhưng chưa có bất kỳ kiến thức kiểm thử nào, kể cả những điều cơ bản nhất mà vị trí yêu cầu. Máy chấm tính cả số năm đi làm ở ngành khác nên cho điểm cao, tôi đã hạ xuống. Hồ sơ chưa phù hợp."
cv_synthetic_jd_0005_good_fit,synthetic_jd_0005,Product Manager (Tech),good_fit,0.7,0.586,1.0,67.9,0.45,0.45,0.1,7.0,3,17,91.0,"8 năm quản lý sản phẩm, trong đó 5 năm chuyên sâu ngân hàng số - vượt yêu cầu 7 năm và 3 năm fintech | Đã triển khai trọn vẹn 3 dự án ngân hàng số và cổng thanh toán, có dự án phục vụ 500.000 người dùng | Am hiểu đầy đủ nghiệp vụ ngân hàng: chuyển tiền, xác thực khách hàng, quản lý tài khoản và thẻ | Tiếng Anh tốt, đã làm việc trực tiếp với khách hàng Singapore và Nhật Bản, có chứng chỉ đúng chuyên môn","Không biết tiếng Nhật, trong khi công ty ưu tiên trình độ N2 cho khách hàng Nhật | Chưa nêu kinh nghiệm về nền tảng ngân hàng mở hay kiến trúc hệ thống hiện đại | Chưa dùng các công cụ đo lường hành vi người dùng mà công ty ưu tiên | Chưa có chứng chỉ quản lý dự án chuyên nghiệp","Ứng viên khớp gần như hoàn hảo: đúng số năm, đúng ngành ngân hàng, đã làm chủ sản phẩm thật cho khách hàng nước ngoài và có kinh nghiệm kèm cặp nhân sự trẻ. Những thiếu sót còn lại đều thuộc nhóm ưu tiên chứ không bắt buộc. Nên ưu tiên phỏng vấn."
cv_synthetic_jd_0005_poor_fit,synthetic_jd_0005,Product Manager (Tech),poor_fit,0.35,0.114,1.0,30.9,0.45,0.45,0.1,7.0,3,17,32.0,"Có kỹ năng thiết kế giao diện và dùng Figma, hữu ích khi trao đổi với đội thiết kế sản phẩm | Có tinh thần cầu tiến, đang chủ động tìm hiểu quy trình làm việc linh hoạt | Có bằng đại học và kỹ năng trình bày, giao tiếp tốt","Chỉ 1.8 năm kinh nghiệm thiết kế, trong khi vị trí đòi hỏi 7 năm quản lý sản phẩm | Chưa có bất kỳ kinh nghiệm nào về nghiệp vụ ngân hàng, thanh toán hay xác thực khách hàng | Chưa từng viết tài liệu yêu cầu nghiệp vụ hay quản lý danh sách công việc sản phẩm | Chưa từng làm chủ sản phẩm trong một dự án thật","Ứng viên là nhà thiết kế đồ họa mới ra trường muốn chuyển sang quản lý sản phẩm, còn cách rất xa một vị trí cấp cao đòi hỏi 7 năm và chuyên sâu ngân hàng. Hồ sơ không phù hợp với vị trí này."
cv_synthetic_jd_0006_partial_fit,synthetic_jd_0006,System Administrator,partial_fit,0.725,0.56,1.0,71.7,0.55,0.3,0.15,2.0,2,16,78.0,"2.4 năm kinh nghiệm quản trị hệ thống, nằm đúng khoảng 2-4 năm vị trí yêu cầu | Vững Windows Server, Active Directory, phân quyền người dùng - phần lõi của công việc | Đã tự thiết lập kết nối riêng giữa văn phòng và kho hàng, đúng mô hình nhiều chi nhánh của công ty | Đã dùng công cụ giám sát Zabbix và biết viết tài liệu quy trình vận hành","Chưa triển khai hệ thống ảo hóa VMware ở quy mô doanh nghiệp - đây là yêu cầu bắt buộc | Chưa có kinh nghiệm sao lưu và phục hồi thảm họa bằng Veeam hay công cụ tương đương | Mới dùng tường lửa pfSense, chưa từng dùng Fortinet như hệ thống công ty đang chạy | Bằng cao đẳng và chưa biết tiếng Nhật, chưa có các chứng chỉ công ty ưu tiên","Ứng viên nắm chắc phần quản trị máy chủ và mạng cơ bản, nhưng thiếu hai mảng quan trọng là ảo hóa và sao lưu phục hồi mà công ty yêu cầu bắt buộc. Máy chấm cho điểm rất cao vì nhiều kỹ năng nghe gần giống nhau, tôi đã hạ xuống. Có thể xem xét nếu công ty sẵn sàng đào tạo hai mảng còn thiếu."
cv_synthetic_jd_0006_poor_fit,synthetic_jd_0006,System Administrator,poor_fit,0.264,0.423,1.0,42.2,0.55,0.3,0.15,2.0,2,16,45.0,"Có 2.4 năm kinh nghiệm đi làm thật trong ngành công nghệ thông tin | Có kiến thức cơ bản về mạng máy tính từ chương trình học | Đã thử triển khai ứng dụng lên môi trường thật, cho thấy quan tâm đến khâu vận hành","Toàn bộ kinh nghiệm là làm giao diện web, chưa từng quản trị máy chủ | Chưa từng dùng Windows Server, Active Directory - phần lõi của công việc này | Không có kinh nghiệm ảo hóa, sao lưu, giám sát hệ thống hay tường lửa | Chưa từng xử lý sự cố hạ tầng hay trực ngoài giờ theo yêu cầu vận hành 24/7","Ứng viên là lập trình viên giao diện muốn chuyển sang mảng hạ tầng, có số năm kinh nghiệm phù hợp nhưng gần như không có kỹ năng chuyên môn nào của vị trí. Máy chấm tính điểm cao nhờ số năm đi làm, tôi đã hạ xuống. Hồ sơ chưa phù hợp."
cv_synthetic_jd_0007_good_fit,synthetic_jd_0007,Product Manager (Tech),good_fit,0.688,0.567,1.0,66.5,0.45,0.45,0.1,7.0,3,16,92.0,"8.4 năm quản lý sản phẩm với hơn 4 năm ở vai trò cấp cao - vượt yêu cầu của vị trí | Đã làm chủ nền tảng quản lý khách hàng cho hơn 200 doanh nghiệp, đúng loại sản phẩm công ty cần | Đã trực tiếp tích hợp cổng thanh toán, chữ ký điện tử và trợ lý ảo, giúp tăng 23% tỷ lệ chốt đơn | Đã quản lý các bên liên quan ở nhiều chi nhánh và kèm cặp 2 nhân sự quản lý sản phẩm trẻ","Kinh nghiệm bất động sản mới dừng ở dự án cá nhân, chưa phải sản phẩm thương mại | Chưa có chứng chỉ quản lý sản phẩm mà công ty ưu tiên ngoài chứng chỉ hiện có | Chưa nêu kinh nghiệm về kiến trúc hệ thống ở mức chi tiết | Chưa từng làm ứng dụng quản lý tòa nhà hay căn hộ cho cư dân","Ứng viên khớp gần như trọn vẹn: đúng số năm, đúng loại sản phẩm quản lý khách hàng, có kinh nghiệm nhiều chi nhánh và cả việc tích hợp trợ lý ảo mà công ty đang muốn làm. Việc chủ động làm dự án bất động sản để chuẩn bị chuyển ngành cũng là điểm cộng. Nên ưu tiên phỏng vấn."
cv_synthetic_jd_0007_poor_fit,synthetic_jd_0007,Product Manager (Tech),poor_fit,0.23,0.107,1.0,25.2,0.45,0.45,0.1,7.0,3,16,35.0,"Có bằng đại học đúng nhóm ngành và nền tảng lập trình cơ bản | Đã thực tập 6 tháng trong môi trường làm việc theo sprint, hiểu quy trình phát triển phần mềm | Có kinh nghiệm giảng dạy, cho thấy khả năng trình bày và giải thích vấn đề","Chưa từng làm quản lý sản phẩm ngày nào, trong khi vị trí yêu cầu 7 năm | Chưa từng viết tài liệu yêu cầu sản phẩm, câu chuyện người dùng hay quản lý lộ trình sản phẩm | Không có kinh nghiệm phân tích dữ liệu người dùng hay theo dõi các chỉ số kinh doanh | Chưa từng làm việc với ban lãnh đạo hay các bên liên quan ở nhiều chi nhánh","Ứng viên là lập trình viên mới ra trường, định hướng làm backend chứ không phải quản lý sản phẩm. Khoảng cách so với vị trí cấp cao 7 năm là rất lớn ở cả kinh nghiệm lẫn chuyên môn. Hồ sơ không phù hợp."
cv_synthetic_jd_0008_good_fit,synthetic_jd_0008,Machine Learning Engineer,good_fit,0.72,0.476,1.0,74.1,0.55,0.2,0.25,0.0,3,13,88.0,"Đúng chuyên ngành khoa học máy tính, nắm chắc Python và các thư viện học máy vị trí yêu cầu | Đã thực tập 6 tháng đúng lĩnh vực tài chính, làm mô hình dự đoán khách hàng rời bỏ đạt kết quả tốt | Đồ án tốt nghiệp chính là chấm điểm tín dụng - đúng bài toán trọng tâm của ngân hàng | Đã tự làm hệ thống phát hiện giao dịch gian lận và đưa lên chạy thử dưới dạng dịch vụ","Kinh nghiệm học sâu chưa được thể hiện, chưa có dự án với TensorFlow hay PyTorch | Chưa từng làm việc với công cụ dữ liệu lớn như Spark hay Hadoop | Chưa sử dụng nền tảng đám mây cho học máy mà ngân hàng ưu tiên | Kinh nghiệm chính thức mới ở mức thực tập 6 tháng","Cả hai bài toán trọng tâm của vị trí - chấm điểm tín dụng và phát hiện gian lận - ứng viên đều đã tự làm và có kết quả cụ thể, điều rất hiếm ở người mới ra trường. Kinh nghiệm thực tập cũng đúng ngành tài chính. Nên mời phỏng vấn."
cv_synthetic_jd_0008_poor_fit,synthetic_jd_0008,Machine Learning Engineer,poor_fit,0.262,0.479,1.0,49.0,0.55,0.2,0.25,0.0,3,13,35.0,Có hơn 3 năm kinh nghiệm đi làm và quản lý nhiều dự án cùng lúc | Biết dùng công cụ quản lý mã nguồn và tự học được HTML/CSS để làm trang giới thiệu | Có tinh thần chủ động muốn chuyển hướng sang lĩnh vực công nghệ,"Chưa có bất kỳ kỹ năng lập trình Python hay học máy nào - toàn bộ yêu cầu bắt buộc của vị trí | Chưa từng học qua xác suất thống kê hay đại số tuyến tính ở mức chuyên ngành | Không biết truy vấn cơ sở dữ liệu để xử lý dữ liệu | Bằng cấp thiết kế đồ họa, không thuộc nhóm ngành ngân hàng yêu cầu","Ứng viên là nhà thiết kế đồ họa muốn chuyển sang trí tuệ nhân tạo nhưng chưa có nền tảng lập trình lẫn toán học nào cả. Máy chấm cho điểm cao nhờ số năm đi làm ở ngành khác, tôi đã hạ xuống. Hồ sơ không phù hợp."
cv_synthetic_jd_0009_good_fit,synthetic_jd_0009,Data Engineer,good_fit,0.615,0.801,1.0,77.8,0.5,0.15,0.35,0.0,3,6,89.0,"Đúng đối tượng vị trí tìm: sinh viên năm cuối ngành khoa học máy tính, sẵn sàng thực tập toàn thời gian | Truy vấn dữ liệu ở mức nâng cao, vượt yêu cầu cơ bản mà vị trí thực tập đặt ra | Đã tự xây một luồng xử lý dữ liệu hoàn chỉnh với Airflow và Docker, thiết kế cả mô hình kho dữ liệu | Đã có 3 tháng thực tập thật, từng hỗ trợ đưa dữ liệu vào kho dữ liệu nội bộ và kiểm tra chất lượng dữ liệu","Kinh nghiệm Spark và nền tảng đám mây mới qua khóa học, chưa dùng trong dự án thật | Chưa từng làm việc với luồng dữ liệu thời gian thực như Kafka | Chưa tốt nghiệp chính thức, dự kiến cuối năm mới nhận bằng | Chưa có kinh nghiệm trong môi trường gia công phần mềm cho khách nước ngoài","So với mặt bằng thực tập sinh, ứng viên đã đi trước khá xa: tự dựng được luồng xử lý dữ liệu tự động và thiết kế mô hình kho dữ liệu, những thứ vị trí này chỉ mong được đào tạo. Tôi nâng nhẹ so với máy chấm vì các dự án cá nhân rất sát công việc thật. Nên nhận thực tập."
cv_synthetic_jd_0009_poor_fit,synthetic_jd_0009,Data Engineer,poor_fit,0.321,0.519,1.0,58.8,0.5,0.15,0.35,0.0,3,6,42.0,"Là sinh viên năm cuối, đúng đối tượng mà chương trình thực tập hướng tới | Có kinh nghiệm làm việc thực tế và kỹ năng phối hợp với đội nhóm | Đang chủ động tự học Python, cho thấy tinh thần cầu tiến","Học ngành thiết kế đồ họa, không thuộc nhóm ngành công ty yêu cầu | Python mới tự học qua video, chưa thực hành nhiều - trong khi đây là kỹ năng bắt buộc | Chưa biết truy vấn cơ sở dữ liệu, kể cả những câu lệnh cơ bản nhất | Chưa có dự án nào liên quan đến xử lý hay phân tích dữ liệu","Dù đây là vị trí thực tập không đòi hỏi kinh nghiệm, ứng viên vẫn thiếu hai nền tảng bắt buộc là Python và truy vấn dữ liệu, đồng thời học ngành không liên quan. Máy chấm cho điểm khá cao vì các kỹ năng chung, tôi đã hạ xuống. Hồ sơ chưa phù hợp."
cv_synthetic_jd_0010_good_fit,synthetic_jd_0010,Data Analyst,good_fit,0.614,0.573,1.0,72.4,0.55,0.15,0.3,0.0,3,8,91.0,"Tốt nghiệp ngành Thống kê, đúng nhóm ngành nền tảng phân tích số liệu công ty ưu tiên | Truy vấn dữ liệu và Excel nâng cao đều thành thạo - hai kỹ năng bắt buộc quan trọng nhất | Đã thực tập 6 tháng làm báo cáo doanh thu, phân tích chương trình khuyến mãi giúp tăng 12% chuyển đổi | Đồ án tốt nghiệp đúng ngành bảo hiểm: phân tích tỷ lệ hủy hợp đồng và dựng bảng theo dõi bằng Power BI","Python mới ở mức cơ bản, chưa dùng nhiều để tự động hóa thay cho Excel | Chưa có kinh nghiệm đi làm chính thức trong ngành bảo hiểm | Chưa từng làm ở môi trường khởi nghiệp phải kiêm nhiều đầu việc | Chưa dùng các công cụ trực quan hóa khác ngoài Power BI và Google Data Studio","Ứng viên có đúng nền tảng thống kê, thạo cả truy vấn dữ liệu lẫn Excel, và điều đáng giá nhất là đồ án tốt nghiệp làm đúng bài toán hủy hợp đồng bảo hiểm mà công ty đang cần theo dõi. Kinh nghiệm thực tập cũng đã tạo ra kết quả kinh doanh cụ thể. Nên mời phỏng vấn."
cv_synthetic_jd_0010_poor_fit,synthetic_jd_0010,Data Analyst,poor_fit,0.332,0.404,1.0,54.3,0.55,0.15,0.3,0.0,3,8,42.0,"Có gần 2 năm kinh nghiệm đi làm và quen làm việc với khách hàng, đội nhóm | Có thói quen theo dõi số liệu tương tác bài đăng và tổng hợp báo cáo cho quản lý | Có bằng đại học và tinh thần muốn thử sức ở lĩnh vực dữ liệu","Không biết truy vấn cơ sở dữ liệu - kỹ năng bắt buộc quan trọng nhất của vị trí | Excel mới ở mức cơ bản, chưa thạo các hàm nâng cao và bảng tổng hợp | Chưa từng dùng công cụ trực quan hóa dữ liệu nào | Bằng thiết kế đồ họa, không thuộc nhóm ngành có nền tảng phân tích số liệu","Ứng viên làm thiết kế nội dung, việc theo dõi số liệu mới dừng ở nhập tay vào Excel chứ chưa phải phân tích dữ liệu. Thiếu cả hai kỹ năng bắt buộc là truy vấn dữ liệu và Excel nâng cao nên tôi hạ điểm khá nhiều so với máy chấm. Hồ sơ chưa phù hợp."
cv_synthetic_jd_0011_partial_fit,synthetic_jd_0011,Machine Learning Engineer,partial_fit,0.577,0.465,1.0,68.7,0.55,0.15,0.3,0.0,3,13,78.0,"Đúng đối tượng: sinh viên năm cuối ngành công nghệ thông tin, nền tảng toán tốt | Thành thạo Python và các thư viện xử lý dữ liệu, đã làm nhiều mô hình học máy có kết quả cụ thể | Đã tự làm dự án phân loại thư rác và dự báo giá nhà, thể hiện quy trình xây dựng mô hình bài bản | Biết truy vấn dữ liệu và dùng công cụ quản lý mã nguồn - đều là yêu cầu của vị trí","Học sâu mới ở mức khóa học online, dự án duy nhất là bài nhận diện chữ số cơ bản | Chưa có kinh nghiệm làm việc nào liên quan đến trí tuệ nhân tạo, chỉ mới thực tập kiểm thử phần mềm | Chưa từng làm với dữ liệu quy mô lớn hay các bài toán gợi ý, dự báo theo thời gian | Chưa có kinh nghiệm với nền tảng đám mây hay công cụ đóng gói ứng dụng","Ứng viên có nền tảng học máy truyền thống khá vững và nhiều dự án tự làm, nhưng phần học sâu - thứ studio game cần cho các bài toán hành vi người chơi - mới ở mức nhập môn. Với vị trí thực tập thì vẫn là hồ sơ đáng cân nhắc. Có thể mời phỏng vấn nếu công ty sẵn sàng đào tạo."
cv_synthetic_jd_0011_poor_fit,synthetic_jd_0011,Machine Learning Engineer,poor_fit,0.234,0.432,1.0,49.4,0.55,0.15,0.3,0.0,3,13,33.0,"Là sinh viên năm cuối, đúng đối tượng chương trình thực tập hướng tới | Có kinh nghiệm thực tập 3 tháng và biết làm việc theo phản hồi của cấp trên | Có tinh thần sáng tạo và quan tâm tới ngành giải trí, game","Không biết lập trình Python - kỹ năng bắt buộc quan trọng nhất của vị trí | Chưa có nền tảng xác suất thống kê hay đại số tuyến tính ở mức chuyên ngành | Chưa từng xây dựng mô hình học máy nào, kể cả bài tập trên lớp | Học ngành thiết kế đồ họa, không thuộc nhóm ngành công ty yêu cầu","Ứng viên là sinh viên thiết kế đồ họa, kỹ năng hoàn toàn thuộc mảng sáng tạo hình ảnh chứ không phải kỹ thuật dữ liệu. Ngay cả với vị trí thực tập, hồ sơ vẫn thiếu toàn bộ yêu cầu bắt buộc. Không phù hợp."
cv_synthetic_jd_0012_good_fit,synthetic_jd_0012,QA Engineer / Tester,good_fit,0.744,0.736,1.0,77.2,0.6,0.28,0.12,2.0,3,13,92.0,"3.2 năm kinh nghiệm kiểm thử web, nằm đúng khoảng 2-4 năm vị trí yêu cầu | Đã viết và duy trì hơn 80 kịch bản kiểm thử tự động, giúp giảm 35% thời gian kiểm thử hồi quy | Đã kiểm thử hệ thống quản lý đơn hàng doanh nghiệp và quản lý kho - rất gần sản phẩm của công ty | Thạo đủ bộ công cụ công ty yêu cầu và có chứng chỉ kiểm thử quốc tế","Chưa có kinh nghiệm kiểm thử hiệu năng với JMeter hay k6 | Chưa từng làm sản phẩm đúng ngành vận tải, chuỗi cung ứng | Chưa dùng công cụ đóng gói ứng dụng để tự dựng môi trường kiểm thử | Kinh nghiệm tích hợp kiểm thử tự động vào quy trình phát hành còn ở mức cơ bản","Ứng viên đúng cấp độ, thạo cả kiểm thử thủ công lẫn tự động, và từng kiểm thử hệ thống quản lý kho rất giống sản phẩm công ty đang làm. Các thiếu sót còn lại đều nằm ở nhóm ưu tiên chứ không bắt buộc. Nên ưu tiên phỏng vấn."
cv_synthetic_jd_0012_partial_fit,synthetic_jd_0012,QA Engineer / Tester,partial_fit,0.645,0.727,1.0,71.1,0.6,0.28,0.12,2.0,3,13,76.0,"3 năm kinh nghiệm kiểm thử web, đúng khoảng kinh nghiệm vị trí yêu cầu | Nắm vững các kỹ thuật thiết kế kịch bản kiểm thử mà công ty liệt kê | Đã tự học và xây dựng bộ khung kiểm thử tự động cho website mẫu ngoài giờ làm | Có chứng chỉ kiểm thử quốc tế và quen làm việc theo sprint","Kiểm thử tự động mới ở mức cơ bản, chưa duy trì bộ kịch bản lớn trong dự án thật | Chưa từng dùng công cụ quản lý kịch bản kiểm thử chuyên dụng như TestRail | Chưa có kinh nghiệm với hệ thống doanh nghiệp lớn hay lĩnh vực vận tải, kho bãi | Chưa biết kiểm thử hiệu năng hay tích hợp kiểm thử vào quy trình phát hành tự động","Ứng viên có nền kiểm thử thủ công chắc chắn và đang chủ động tự học tự động hóa, nhưng chưa đủ chiều sâu tự động hóa mà công ty cần cho hệ thống lớn. Đây là hồ sơ ở mức trung bình khá, có thể cân nhắc nếu công ty chấp nhận đào tạo thêm."
cv_synthetic_jd_0013_partial_fit,synthetic_jd_0013,AI Engineer,partial_fit,0.655,0.426,1.0,59.8,0.5,0.4,0.1,7.0,3,15,72.0,"Đã làm đúng bài toán dự báo nhu cầu và phát hiện bất thường mà công ty cần cho vận hành kho | Kinh nghiệm đúng ngành chuỗi cung ứng, đã đưa mô hình lên chạy thật với 50.000 lượt gọi mỗi ngày | Có kinh nghiệm với các công cụ vận hành mô hình như MLflow, Airflow, Docker và nền tảng Amazon | Tiếng Anh giao tiếp tốt, đã từng họp với đối tác nước ngoài","Mới 4.7 năm kinh nghiệm, còn cách khá xa mức 7 năm mà vị trí yêu cầu | Chưa từng chính thức dẫn dắt nhóm 4-6 người, mới hướng dẫn 2 thực tập sinh | Chưa có kinh nghiệm thị giác máy tính - mảng công ty cần cho tự động hóa kho | Mô hình ngôn ngữ lớn mới ở mức dự án học tập, chưa triển khai thật","Ứng viên làm đúng bài toán và đúng ngành logistics, nhưng còn thiếu hơn 2 năm kinh nghiệm và chưa từng chính thức dẫn dắt nhóm - hai yêu cầu quan trọng của vị trí cấp cao này. Máy chấm chưa phản ánh đủ khoảng cách về thâm niên nên tôi hạ điểm. Có thể cân nhắc cho vị trí thấp hơn một bậc."
cv_synthetic_jd_0013_poor_fit,synthetic_jd_0013,AI Engineer,poor_fit,0.282,0.029,1.0,25.3,0.5,0.4,0.1,7.0,3,15,30.0,"Có bằng đại học đúng nhóm ngành công nghệ thông tin | Đã thực tập 6 tháng và quen làm việc theo nhóm, báo cáo tiến độ | Có kỹ năng lập trình web cơ bản và tinh thần học hỏi","Chưa có bất kỳ kiến thức nào về trí tuệ nhân tạo hay học máy | Không biết Python, PyTorch hay các thư viện bắt buộc của vị trí | Chỉ 0.5 năm kinh nghiệm, trong khi vị trí yêu cầu 7 năm và 2 năm dẫn dắt | Chưa từng làm việc với dữ liệu lớn, hạ tầng đám mây hay vận hành mô hình","Ứng viên là lập trình viên web mới ra trường, hoàn toàn không có nền tảng trí tuệ nhân tạo trong khi đây là vị trí cấp cao đòi hỏi 7 năm chuyên sâu. Khoảng cách quá lớn ở mọi tiêu chí. Hồ sơ không phù hợp."
cv_synthetic_jd_0014_good_fit,synthetic_jd_0014,Business Analyst (IT),good_fit,0.811,0.539,1.0,81.3,0.5,0.2,0.3,0.0,3,12,88.0,"Đúng chuyên ngành hệ thống thông tin quản lý mà vị trí ưu tiên, tốt nghiệp loại tốt | Đã thực tập đúng vai trò phân tích nghiệp vụ, viết được câu chuyện người dùng cho 5 chức năng thật | Đồ án tốt nghiệp làm đúng mảng thanh toán hóa đơn điện tử và xác thực khách hàng - trọng tâm của công ty | Thạo các công cụ vẽ quy trình và quản lý tài liệu dự án mà vị trí yêu cầu","Chưa biết tiếng Nhật, trong khi công ty làm việc với trụ sở Nhật Bản và rất ưu tiên điểm này | Chưa biết truy vấn cơ sở dữ liệu dù đây là kỹ năng công ty ưu tiên | Kinh nghiệm thực tập mới 3 tháng, còn khá ngắn | Chưa có kiến thức thực tế về nghiệp vụ thanh toán điện tử ngoài phạm vi đồ án","Với vị trí tuyển người mới ra trường, ứng viên đã có kinh nghiệm thực tập đúng vai trò và đồ án đúng mảng thanh toán điện tử mà công ty đang làm. Điểm trừ đáng kể nhất là chưa biết tiếng Nhật. Nên mời phỏng vấn."
cv_synthetic_jd_0014_poor_fit,synthetic_jd_0014,Business Analyst (IT),poor_fit,0.306,0.3,1.0,51.3,0.5,0.2,0.3,0.0,3,12,35.0,"Có bằng đại học và kỹ năng làm việc nhóm, quản lý thời gian tốt | Quen trao đổi trực tiếp với khách hàng để nắm yêu cầu và chỉnh sửa theo phản hồi | Có gần 1 năm kinh nghiệm đi làm thực tế","Chưa từng viết tài liệu yêu cầu nghiệp vụ, câu chuyện người dùng hay đặc tả chức năng | Không biết vẽ sơ đồ quy trình nghiệp vụ - kỹ năng cốt lõi của công việc phân tích | Chưa có kiến thức về quy trình phát triển phần mềm hay mô hình làm việc theo sprint | Bằng thiết kế đồ họa, không thuộc nhóm ngành công ty yêu cầu","Ứng viên làm thiết kế đồ họa, hoàn toàn chưa tiếp cận công việc phân tích nghiệp vụ phần mềm dù đây chỉ là vị trí cho người mới ra trường. Kỹ năng trao đổi với khách hàng là điểm cộng nhỏ nhưng không đủ bù. Hồ sơ không phù hợp."
cv_synthetic_jd_0015_partial_fit,synthetic_jd_0015,QA Engineer / Tester,partial_fit,0.504,0.551,1.0,57.0,0.55,0.35,0.1,7.0,3,15,72.0,"5.2 năm kinh nghiệm kiểm thử đúng ngành tài chính, ví điện tử - rất gần nghiệp vụ bảo hiểm | Đã xây bộ kiểm thử tự động cho dịch vụ dữ liệu và tích hợp vào quy trình phát hành, giảm 30% thời gian | Quen review tài liệu nghiệp vụ với đội phân tích để phát hiện các tình huống ngoại lệ về phí, hạn mức | Có chứng chỉ kiểm thử quốc tế và đã hướng dẫn 1 nhân sự mới","Còn thiếu gần 2 năm so với mức 7 năm mà vị trí yêu cầu | Chưa từng chính thức quản lý nhóm từ 2 người trở lên, trong khi vị trí cần dẫn dắt 2-4 người | Kiểm thử hiệu năng mới ở mức tìm hiểu, chưa triển khai trong dự án lớn | Chưa có kinh nghiệm trực tiếp trong ngành bảo hiểm và các nghiệp vụ thẩm định, bồi thường","Ứng viên có nền chuyên môn kiểm thử tốt và kinh nghiệm tài chính rất gần với bảo hiểm, nhưng chưa đủ thâm niên và đặc biệt là chưa từng dẫn dắt nhóm - yêu cầu quan trọng của vị trí cấp cao này. Có thể cân nhắc cho vị trí thấp hơn một bậc."
cv_synthetic_jd_0015_poor_fit,synthetic_jd_0015,QA Engineer / Tester,poor_fit,0.164,0.039,1.0,20.4,0.55,0.35,0.1,7.0,3,15,30.0,"Có bằng đại học và kỹ năng làm việc nhóm, chịu áp lực thời hạn tốt | Đã dùng công cụ quản lý công việc để theo dõi tiến độ dự án | Có tinh thần muốn tìm hiểu về quy trình phần mềm","Chưa từng làm kiểm thử phần mềm, trong khi vị trí yêu cầu 7 năm và 2 năm dẫn dắt | Không biết bất kỳ công cụ kiểm thử tự động nào mà vị trí yêu cầu bắt buộc | Không biết truy vấn cơ sở dữ liệu để đối chiếu số liệu tính phí, bồi thường | Bằng thiết kế đồ họa, không thuộc nhóm ngành công ty yêu cầu","Ứng viên là nhà thiết kế mới ra trường, chưa có chút kinh nghiệm kiểm thử nào trong khi đây là vị trí cấp cao dẫn dắt cả một mảng chất lượng sản phẩm bảo hiểm. Hồ sơ hoàn toàn không phù hợp."
cv_synthetic_jd_0016_partial_fit,synthetic_jd_0016,Fullstack Developer,partial_fit,0.622,0.625,1.0,66.1,0.55,0.35,0.1,4.0,3,19,72.0,"Thạo đúng bộ công nghệ chính của vị trí: React, Node.js, TypeScript và cơ sở dữ liệu quan hệ | Đã tối ưu truy vấn giúp giảm 25% thời gian phản hồi và có kinh nghiệm xử lý sự cố hệ thống thật | Đã tự tìm hiểu bộ nhớ đệm và làm dự án cá nhân dùng công nghệ mà công ty yêu cầu | Quen làm việc theo sprint và viết kiểm thử cho các phần quan trọng","Mới 2.8 năm kinh nghiệm, còn thiếu hơn 1 năm so với mức tối thiểu 4 năm của vị trí Senior | Bộ nhớ đệm Redis mới dùng trong dự án cá nhân, chưa triển khai ở hệ thống thật | Chưa từng làm việc trực tiếp với khách hàng nước ngoài hay theo mô hình đội chuyên trách | Chưa có kinh nghiệm với kiến trúc phân tán, hàng đợi tin nhắn hay hệ thống thanh toán","Ứng viên đúng bộ công nghệ và có kết quả tối ưu cụ thể, nhưng chưa đủ thâm niên cho một vị trí Senior phải tự ra quyết định kỹ thuật ở môi trường khởi nghiệp. Nhiều kỹ năng nâng cao mới dừng ở dự án cá nhân. Có thể cân nhắc ở mức middle."
cv_synthetic_jd_0016_poor_fit,synthetic_jd_0016,Fullstack Developer,poor_fit,0.332,0.067,0.667,27.3,0.55,0.35,0.1,4.0,3,19,33.0,"Có kiến thức mạng máy tính và quản trị hệ thống ở mức cơ bản | Đã thực tập và làm bán thời gian trong môi trường kỹ thuật thật | Có tinh thần chăm chỉ, cầu tiến","Chuyên ngành quản trị mạng, hoàn toàn không phải lập trình ứng dụng web | Chưa biết Node.js, React hay TypeScript - toàn bộ công nghệ bắt buộc của vị trí | Chỉ 0.8 năm kinh nghiệm, trong khi vị trí yêu cầu tối thiểu 4 năm | Bằng cao đẳng, thấp hơn mức đại học mà công ty yêu cầu","Ứng viên học và làm về quản trị mạng, không phải phát triển phần mềm, nên gần như không đáp ứng yêu cầu nào của vị trí lập trình viên cấp cao này. Hồ sơ không phù hợp."
cv_synthetic_jd_0017_good_fit,synthetic_jd_0017,MLOps Engineer,good_fit,0.711,1.0,1.0,82.7,0.6,0.32,0.08,4.0,3,15,92.0,"5 năm kinh nghiệm đúng chuyên môn, trong đó hơn 2 năm vận hành hệ thống thật ở quy mô lớn | Có đủ bộ công cụ vị trí yêu cầu: MLflow, Kubeflow, kho đặc trưng, Kubernetes, Terraform, giám sát | Đã tối ưu chi phí máy chủ giảm 30% và rút ngắn 40% thời gian khôi phục khi mô hình xuống cấp | Đã tự làm dự án triển khai mô hình ngôn ngữ lớn có tự động co giãn theo lưu lượng - đúng mảng công ty ưu tiên",Chưa có kinh nghiệm với lưới dịch vụ mà công ty liệt kê ở nhóm ưu tiên | Chưa từng xây dựng nền tảng vận hành mô hình từ con số không cho một công ty | Chưa nêu kinh nghiệm phục vụ nhiều khách hàng doanh nghiệp trên cùng một hạ tầng dùng chung | Chưa có kinh nghiệm trực tiếp trong lĩnh vực tài chính hoặc bán lẻ ở vai trò thiết kế kiến trúc,"Ứng viên gần như khớp toàn bộ yêu cầu bắt buộc, lại có sẵn kinh nghiệm triển khai mô hình ngôn ngữ lớn - đúng hướng công ty đang mở rộng. Các con số tiết kiệm chi phí và giảm thời gian khôi phục rất thuyết phục. Nên ưu tiên phỏng vấn."
cv_synthetic_jd_0017_poor_fit,synthetic_jd_0017,MLOps Engineer,poor_fit,0.217,0.041,1.0,22.3,0.6,0.32,0.08,4.0,3,15,30.0,Có bằng đại học đúng nhóm ngành công nghệ thông tin | Biết dùng công cụ quản lý mã nguồn và đã tham gia họp tiến độ hàng ngày | Đã thực tập 6 tháng trong môi trường công ty phần mềm,"Chưa có bất kỳ kiến thức nào về học máy hay vận hành mô hình | Không biết Python, công cụ đóng gói ứng dụng hay hạ tầng đám mây | Chỉ 0.5 năm kinh nghiệm, trong khi vị trí yêu cầu tối thiểu 4-5 năm | Chưa từng làm việc với hệ thống chạy thật ở quy mô lớn","Ứng viên là lập trình viên web mới ra trường, chưa chạm tới mảng hạ tầng trí tuệ nhân tạo mà vị trí này đòi hỏi. Khoảng cách cả về kinh nghiệm lẫn chuyên môn đều rất lớn. Hồ sơ không phù hợp."
cv_synthetic_jd_0018_good_fit,synthetic_jd_0018,Product Manager (Tech),good_fit,0.572,0.546,1.0,60.3,0.45,0.45,0.1,7.0,3,11,93.0,"8 năm quản lý sản phẩm với 4 năm ở vai trò dẫn dắt, vượt yêu cầu 7 năm và 3 năm cấp cao | Đã phụ trách sản phẩm điều hành sản xuất cho 12 nhà máy và quản lý đội 18 người | Có kinh nghiệm trực tiếp tích hợp hệ thống quản trị doanh nghiệp và thiết bị giám sát tại xưởng | Đã làm việc với đối tác Nhật Bản, biết tiếng Nhật cơ bản và có các chứng chỉ công ty ưu tiên","Tiếng Nhật mới ở mức N4, chưa đạt N2 mà công ty coi là lợi thế lớn | Chưa nêu kinh nghiệm về sản xuất tinh gọn hay phương pháp cải tiến liên tục kiểu Nhật | Chưa từng làm trực tiếp trong nhà máy ở vai trò vận hành | Chưa có kinh nghiệm với nền tảng thiết bị kết nối công nghiệp ở mức chuyên sâu","Đây là hồ sơ hiếm khi tìm được: đúng số năm, đúng loại sản phẩm nhà máy, đã quản lý đội lớn và có sẵn kinh nghiệm làm việc với người Nhật. Các con số về giảm thời gian dừng máy cho thấy hiểu rõ bài toán vận hành. Nên ưu tiên phỏng vấn."
cv_synthetic_jd_0018_partial_fit,synthetic_jd_0018,Product Manager (Tech),partial_fit,0.569,0.31,1.0,49.6,0.45,0.45,0.1,7.0,3,11,72.0,"5 năm quản lý sản phẩm phần mềm doanh nghiệp, đã điều phối đội phát triển 10 người | Đã làm hệ thống quản lý kho và quản lý chất lượng cho khách hàng có nhà máy - khá gần lĩnh vực công ty | Có kinh nghiệm thu thập yêu cầu trực tiếp từ đội vận hành tại hiện trường | Tiếng Anh tốt, thạo công cụ quản lý sản phẩm và đã kèm cặp nhân sự trẻ","Còn thiếu 2 năm so với mức 7 năm và chưa đủ 3 năm ở vai trò cấp cao mà vị trí yêu cầu | Chưa từng làm sản phẩm điều hành sản xuất hay tích hợp thiết bị máy móc tại xưởng - trọng tâm công việc | Chưa biết tiếng Nhật, trong khi phải làm cầu nối với ban lãnh đạo Nhật Bản | Chưa có kinh nghiệm làm việc trong môi trường công ty Nhật","Ứng viên có nền quản lý sản phẩm doanh nghiệp vững và đã chạm tới mảng nhà máy qua hệ thống quản lý kho, chất lượng, nhưng chưa từng làm đúng sản phẩm điều hành sản xuất và còn thiếu thâm niên. Ứng viên cũng tự nhận điểm này trong hồ sơ. Có thể cân nhắc nếu công ty chấp nhận đào tạo mảng sản xuất."
cv_synthetic_jd_0019_good_fit,synthetic_jd_0019,Embedded Software Engineer,good_fit,0.761,0.487,1.0,76.6,0.55,0.2,0.25,0.0,3,10,92.0,"Đúng chuyên ngành điện tử viễn thông, thạo C/C++ và vi điều khiển STM32 mà vị trí yêu cầu | Đã thực tập 6 tháng đúng mảng nhúng, tự viết trình điều khiển cảm biến và đo tín hiệu bằng thiết bị chuyên dụng | Có cả 3 dự án đúng hướng công ty làm: cảm biến kết nối mạng, điều khiển động cơ và truyền dữ liệu tầm xa | Đã dùng hệ điều hành thời gian thực và module truyền không dây - đều nằm trong nhóm điểm cộng","Chưa có kinh nghiệm thiết kế mạch bằng phần mềm chuyên dụng | Chưa từng làm với chuẩn giao tiếp công nghiệp mà công ty coi là lợi thế | Kinh nghiệm chính thức mới ở mức thực tập 6 tháng | Chưa từng làm việc trực tiếp với đối tác Nhật, Hàn như khách hàng của công ty","Ứng viên có gần như trọn vẹn bộ kỹ năng vị trí cần, lại có ba dự án tự làm đúng hướng thiết bị kết nối mà công ty đang phát triển. Với vị trí tuyển người 0-2 năm thì đây là hồ sơ rất mạnh. Nên ưu tiên phỏng vấn."
cv_synthetic_jd_0019_partial_fit,synthetic_jd_0019,Embedded Software Engineer,partial_fit,0.538,0.435,1.0,63.3,0.55,0.2,0.25,0.0,3,10,70.0,"Đúng chuyên ngành kỹ thuật điện tử và đúng mức kinh nghiệm 0-2 năm vị trí tuyển | Có nền tảng C/C++ và đã thực hành giao tiếp cảm biến qua các giao thức cơ bản | Đã có 3 tháng thực tập thật, quen việc kiểm tra board mạch và ghi nhận lỗi | Có đồ án và bài tập lớn dùng cả Arduino lẫn STM32, cho thấy nền tảng để đào tạo tiếp","Kinh nghiệm chủ yếu trên Arduino, còn STM32 mới tìm hiểu qua tài liệu chứ chưa làm dự án hoàn chỉnh | Giao thức SPI mới học lý thuyết, chưa từng triển khai thực tế | Chưa dùng máy hiện sóng hay máy phân tích logic ngoài phòng lab của trường | Chưa có kinh nghiệm với hệ điều hành thời gian thực hay module truyền không dây","Ứng viên có nền tảng đúng ngành nhưng phần lớn kinh nghiệm ở mức Arduino cho sinh viên, còn dòng vi điều khiển và công cụ đo mà công ty dùng hằng ngày thì mới ở mức lý thuyết. Máy chấm cho điểm cao vì tên các kỹ năng nghe giống nhau, tôi đã hạ xuống. Có thể cân nhắc nếu công ty sẵn sàng đào tạo từ đầu."
cv_synthetic_jd_0020_good_fit,synthetic_jd_0020,AI Engineer,good_fit,0.699,0.912,1.0,81.6,0.5,0.38,0.12,7.0,3,16,92.0,"8 năm kinh nghiệm với 5 năm chuyên sâu hệ thống chạy thật, vượt yêu cầu 7 năm và 3 năm chuyên sâu | Đã dẫn dắt nhóm 5 kỹ sư xây dựng trợ lý ảo dùng mô hình ngôn ngữ lớn phục vụ 50.000 người dùng mỗi tháng | Có cả hai mảng công ty cần: mô hình ngôn ngữ lớn và thị giác máy tính đã triển khai thật | Đã tối ưu tốc độ phản hồi từ 800 xuống 220 mili giây và làm việc trực tiếp với khách hàng Nhật Bản","Chưa nêu kinh nghiệm với dữ liệu theo luồng thời gian thực mà công ty ưu tiên | Chưa có bài báo khoa học hay đóng góp mã nguồn mở quy mô lớn | Chưa dùng một số công cụ tự vận hành mô hình ngôn ngữ mà công ty liệt kê | Kinh nghiệm chủ yếu trên nền tảng Amazon, chưa sâu về các nền tảng đám mây khác","Ứng viên có thâm niên, vai trò dẫn dắt và đã đưa cả trợ lý ảo lẫn hệ thống nhận diện hình ảnh vào chạy thật - đúng hai hướng sản phẩm công ty đang xây. Máy chấm cho điểm thấp hơn thực tế vì cách đối chiếu từ khóa kỹ năng, nên tôi nâng lên. Nên ưu tiên phỏng vấn."
cv_synthetic_jd_0020_partial_fit,synthetic_jd_0020,AI Engineer,partial_fit,0.579,0.557,1.0,62.1,0.5,0.38,0.12,7.0,3,16,74.0,"5.7 năm kinh nghiệm trí tuệ nhân tạo, đã đưa mô hình vào chạy thật với 50.000 lượt gọi mỗi ngày | Có nền tảng vững về xử lý ngôn ngữ, hệ thống gợi ý và tối ưu tốc độ phản hồi mô hình | Đã tự tìm hiểu và thử nghiệm trợ lý ảo dùng mô hình ngôn ngữ lớn kết hợp tra cứu tài liệu | Quen các công cụ vận hành mô hình và nền tảng đám mây mà công ty yêu cầu","Còn thiếu hơn 1 năm so với mức 7 năm mà vị trí yêu cầu | Kinh nghiệm mô hình ngôn ngữ lớn mới ở mức thử nghiệm nội bộ, chưa đưa ra khách hàng thật | Chưa từng dẫn dắt nhóm hay làm vai trò định hướng kỹ thuật | Tinh chỉnh mô hình mới ở quy mô nhỏ, chưa từng triển khai ở mức sản phẩm","Ứng viên có nền tảng trí tuệ nhân tạo tốt và đang đi đúng hướng mô hình ngôn ngữ lớn, nhưng phần này mới dừng ở thử nghiệm nội bộ và chưa từng dẫn dắt nhóm - hai điều cốt lõi của vị trí cấp cao. Có thể cân nhắc ở mức thấp hơn một bậc."
cv_synthetic_jd_0021_partial_fit,synthetic_jd_0021,MLOps Engineer,partial_fit,0.744,0.474,1.0,78.0,0.55,0.15,0.3,0.0,3,13,74.0,"Đúng chuyên ngành công nghệ thông tin và đúng mức kinh nghiệm vị trí tuyển người mới ra trường | Thành thạo Python và các thư viện xử lý dữ liệu, hiểu quy trình cơ bản của một dự án học máy | Đã đóng gói mô hình thành dịch vụ và chạy thử trên máy ảo container | Đồ án tốt nghiệp là hệ thống tự động hóa luồng dữ liệu chạy theo lịch, khá sát công việc thật","Chưa có kinh nghiệm thực hành với Kubernetes, chỉ mới đọc tài liệu | Quy trình tích hợp và phát hành tự động mới ở mức lý thuyết | Chưa từng dùng công cụ giám sát mô hình sau khi triển khai | 6 tháng thực tập là phân tích dữ liệu, chưa tham gia đưa mô hình vào chạy thật lần nào","Ứng viên có nền tảng Python và tự động hóa dữ liệu khá tốt so với người mới ra trường, nhưng phần vận hành mô hình - đúng trọng tâm của vị trí - vẫn hoàn toàn là lý thuyết. Máy chấm cho điểm rất cao vì tên các kỹ năng trùng khớp, tôi đã hạ xuống đáng kể. Có thể cân nhắc vì vị trí chấp nhận đào tạo."
cv_synthetic_jd_0021_poor_fit,synthetic_jd_0021,MLOps Engineer,poor_fit,0.363,0.369,1.0,55.5,0.55,0.15,0.3,0.0,3,13,35.0,"Có gần 3 năm kinh nghiệm đi làm và kỹ năng lập kế hoạch, quản lý thời gian | Đã xử lý số liệu khảo sát bằng công cụ thống kê cơ bản trong khóa luận | Có tinh thần ham học hỏi và muốn phát triển kỹ năng kỹ thuật","Không biết lập trình Python - kỹ năng bắt buộc quan trọng nhất của vị trí | Chưa có kiến thức nền tảng nào về học máy hay quy trình xử lý dữ liệu | Chưa từng dùng Linux, công cụ đóng gói ứng dụng hay quy trình phát hành tự động | Bằng quản trị kinh doanh, không thuộc nhóm ngành công ty yêu cầu","Ứng viên tốt nghiệp quản trị kinh doanh với kinh nghiệm tiếp thị nội dung và bán hàng, chưa có nền tảng kỹ thuật nào cho vị trí này dù nó chấp nhận người mới. Máy chấm tính điểm cao nhờ số năm đi làm ở ngành khác, tôi đã hạ xuống. Hồ sơ không phù hợp."
cv_synthetic_jd_0022_good_fit,synthetic_jd_0022,Mobile Developer (Android),good_fit,0.755,0.581,1.0,80.2,0.55,0.15,0.3,0.0,2,15,90.0,"Thạo Kotlin và các thành phần Android mà vị trí yêu cầu, đúng bằng cấp và mức kinh nghiệm | Đã thực tập 6 tháng đúng mảng Android, làm module thật và tham gia review code với người hướng dẫn | Đã chủ động làm một ứng dụng mô phỏng nghiệp vụ ngân hàng có mã hóa dữ liệu và xác thực một lần | Nắm các thư viện và kiến trúc mà ngân hàng liệt kê ở nhóm điểm cộng","Chưa có kinh nghiệm làm việc trong môi trường ngân hàng với quy trình bảo mật nghiêm ngặt | Kiến thức bảo mật ứng dụng di động mới ở mức tự tìm hiểu qua dự án cá nhân | Chưa từng tham gia quy trình phát hành theo chuẩn ngân hàng | Kinh nghiệm chính thức mới ở mức thực tập, chưa có dự án thương mại quy mô lớn",Ứng viên không chỉ đủ kỹ năng Android mà còn chủ động làm sẵn một ứng dụng mô phỏng chuyển khoản có bảo mật để chuẩn bị ứng tuyển đúng ngành ngân hàng - điều cho thấy sự nghiêm túc hiếm thấy ở người mới ra trường. Nên mời phỏng vấn.
cv_synthetic_jd_0022_partial_fit,synthetic_jd_0022,Mobile Developer (Android),partial_fit,0.635,0.592,1.0,73.8,0.55,0.15,0.3,0.0,2,15,76.0,"Đúng bằng cấp, đúng mức kinh nghiệm mà vị trí tuyển người mới ra trường yêu cầu | Có nền tảng Java tốt và hiểu các thành phần cơ bản của ứng dụng Android | Đã thực tập 3 tháng làm ứng dụng Android thật trong nhóm nhỏ, quen quản lý mã nguồn | Có 2 sản phẩm tự làm, trong đó đồ án tốt nghiệp dùng Kotlin và các thư viện hiện đại","Kotlin mới ở mức cơ bản và đang tự học, trong khi ngân hàng ưu tiên ngôn ngữ này | Chưa có kiến thức về bảo mật ứng dụng di động - yếu tố then chốt với ứng dụng ngân hàng | Chưa từng làm ứng dụng tài chính hay sản phẩm có yêu cầu bảo mật cao | Thời gian thực tập ngắn và dự án nội bộ quy mô nhỏ",Ứng viên có nền tảng lập trình Android ổn cho người mới ra trường nhưng còn yếu ở Kotlin và đặc biệt là chưa có ý thức về bảo mật - điều ngân hàng nhấn mạnh do tính chất dữ liệu khách hàng. Ứng viên cũng tự nhận điểm này. Có thể cân nhắc nếu công ty đào tạo thêm.
cv_synthetic_jd_0023_good_fit,synthetic_jd_0023,Cloud Engineer,good_fit,0.712,0.792,1.0,77.3,0.55,0.33,0.12,4.0,3,12,93.0,"5.8 năm kinh nghiệm đúng chuyên môn, vượt mức tối thiểu 4 năm vị trí yêu cầu | Đã xây hạ tầng cho hệ thống quản lý kho và quản trị doanh nghiệp phục vụ 3 nhà máy - đúng bối cảnh công ty | Đủ toàn bộ bộ kỹ năng bắt buộc và có thêm chứng chỉ kiến trúc sư đám mây, quản trị Kubernetes | Đã làm việc trực tiếp với kỹ sư Nhật Bản, biết tiếng Nhật cơ bản và quen tiêu chuẩn bảo mật quốc tế","Tiếng Nhật mới ở mức cơ bản, chưa đạt N3 mà công ty coi là lợi thế lớn | Chưa nêu kinh nghiệm trực tiếp với hệ thống giám sát máy móc tại xưởng | Kinh nghiệm nền tảng Azure mới ở mức cơ bản, chủ yếu mạnh về Amazon | Chưa có kinh nghiệm với công cụ quản lý nhật ký tập trung dạng thương mại mà công ty nhắc tới","Ứng viên khớp gần như trọn vẹn: đúng số năm, đủ kỹ năng bắt buộc, đã làm đúng bối cảnh nhà máy sản xuất nhiều quốc gia và quen làm việc với đội Nhật Bản. Các con số về thời gian triển khai và độ ổn định hệ thống rất thuyết phục. Nên ưu tiên phỏng vấn."
cv_synthetic_jd_0023_poor_fit,synthetic_jd_0023,Cloud Engineer,poor_fit,0.26,0.055,1.0,28.1,0.55,0.33,0.12,4.0,3,12,30.0,Có bằng đại học đúng nhóm ngành công nghệ thông tin | Biết dùng công cụ quản lý mã nguồn qua các bài tập nhóm | Có kinh nghiệm hỗ trợ kỹ thuật và xử lý lỗi máy tính cơ bản,"Chưa từng làm việc với nền tảng đám mây, trong khi đây là toàn bộ nội dung công việc | Không biết Linux, công cụ đóng gói ứng dụng hay quản lý hạ tầng bằng mã | Chỉ 0.5 năm kinh nghiệm bán thời gian, trong khi vị trí yêu cầu tối thiểu 4 năm | Chưa có kiến thức về mạng ở mức thiết kế hay quy trình phát hành tự động","Ứng viên là sinh viên mới ra trường chuyên làm giao diện web, chưa chạm tới hạ tầng đám mây mà vị trí cấp cao này đòi hỏi. Hồ sơ chính ứng viên cũng ghi rõ chưa được học sâu về mảng này. Không phù hợp."
cv_synthetic_jd_0024_good_fit,synthetic_jd_0024,System Administrator,good_fit,0.756,0.525,1.0,77.1,0.55,0.2,0.25,0.0,2,10,88.0,"Nắm chắc Linux, mạng máy tính và biết đọc phân tích nhật ký hệ thống - đúng phần lõi công việc | Đã thực tập 6 tháng giám sát hơn 15 máy chủ thật, làm sao lưu định kỳ và quản lý tài khoản người dùng | Đồ án tốt nghiệp triển khai hệ thống có cân bằng tải trên đám mây, đúng hướng công ty đang dùng | Đã dùng công cụ giám sát và đóng gói ứng dụng - đều nằm trong nhóm điểm cộng của vị trí","Kinh nghiệm đám mây mới ở mức thực hành cá nhân, chưa vận hành hệ thống thật | Chưa có các chứng chỉ mạng hay đám mây mà công ty ưu tiên | Chưa từng trực ca xử lý sự cố ngoài giờ ở môi trường sản phẩm thật | Kinh nghiệm chính thức mới ở mức thực tập 6 tháng","Với vị trí tuyển người mới ra trường, ứng viên đã có gần như toàn bộ kỹ năng cần: quản trị Linux, mạng, sao lưu, giám sát và cả kinh nghiệm thực tế vận hành máy chủ. Đồ án dựng hệ thống trên đám mây cũng đúng hướng công ty. Nên mời phỏng vấn."
cv_synthetic_jd_0024_partial_fit,synthetic_jd_0024,System Administrator,partial_fit,0.62,0.447,1.0,68.0,0.55,0.2,0.25,0.0,2,10,72.0,"Đúng chuyên ngành, đúng bằng cấp và đúng mức kinh nghiệm 0-1 năm vị trí tuyển | Nắm lý thuyết Linux và mạng máy tính khá chắc, biết các lệnh quản trị cơ bản | Đã tự viết kịch bản sao lưu tự động theo lịch và dựng máy chủ web trên máy ảo | Đã thực tập 3 tháng hỗ trợ kỹ thuật cho khoảng 30 máy tính văn phòng","Chưa từng thao tác trên hệ thống đám mây thật, trong khi công ty chạy hạ tầng trên Amazon | Chưa dùng công cụ đóng gói ứng dụng hay công cụ giám sát nào | Kinh nghiệm mới ở mức hỗ trợ máy tính người dùng, chưa quản trị máy chủ đang phục vụ khách hàng | Chưa có kinh nghiệm sao lưu và kiểm tra tính toàn vẹn dữ liệu trong môi trường thật","Ứng viên có nền tảng lý thuyết ổn và chủ động thực hành trên máy ảo, nhưng toàn bộ kinh nghiệm mới dừng ở hỗ trợ máy tính văn phòng chứ chưa vận hành hệ thống thật. Máy chấm cho điểm cao vì các kỹ năng cùng tên, tôi đã hạ xuống. Có thể cân nhắc vì vị trí chấp nhận đào tạo."
cv_synthetic_jd_0025_partial_fit,synthetic_jd_0025,Cloud Engineer,partial_fit,0.672,0.551,1.0,66.8,0.6,0.3,0.1,2.0,3,12,73.0,"2.3 năm kinh nghiệm, nằm đúng khoảng 2-4 năm mà vị trí yêu cầu | Đã triển khai thực tế nhiều dịch vụ lõi trên nền tảng Amazon và có chứng chỉ kiến trúc sư đám mây | Đã tự xây quy trình phát hành tự động giúp giảm thời gian triển khai từ 30 xuống 8 phút | Biết viết kịch bản tự động hóa, quản trị Linux và đã thiết lập giám sát, cảnh báo sự cố","Chưa từng vận hành Kubernetes ở môi trường thật - đây là yêu cầu bắt buộc của vị trí | Quản lý hạ tầng bằng mã mới áp dụng một phần, phần lớn vẫn thao tác thủ công | Chưa có kinh nghiệm với hệ thống xử lý dữ liệu lớn theo luồng mà công ty ưu tiên | Chưa từng làm ở môi trường khởi nghiệp phát triển nhanh hay xây hệ thống từ con số không","Ứng viên có nền tảng đám mây và quy trình phát hành tự động khá tốt, nhưng thiếu đúng một yêu cầu bắt buộc quan trọng là vận hành Kubernetes trong môi trường thật - hồ sơ cũng tự ghi rõ điều này. Có thể cân nhắc nếu công ty chấp nhận thời gian bắt nhịp."
cv_synthetic_jd_0025_poor_fit,synthetic_jd_0025,Cloud Engineer,poor_fit,0.22,0.091,1.0,25.9,0.6,0.3,0.1,2.0,3,12,30.0,Có bằng đại học đúng nhóm ngành và nền tảng lập trình web | Biết dùng công cụ quản lý mã nguồn và quen quy trình làm việc theo ngày | Đã thực tập 6 tháng trong môi trường công ty phần mềm,"Chưa từng làm việc với nền tảng đám mây - nội dung chính của công việc này | Không biết Linux, đóng gói ứng dụng, quản lý hạ tầng bằng mã hay quy trình phát hành tự động | Chỉ 0.5 năm kinh nghiệm, trong khi vị trí yêu cầu 2-4 năm | Chưa có kiến thức về mạng, bảo mật hay giám sát hệ thống","Ứng viên là lập trình viên giao diện mới ra trường, không có bất kỳ kỹ năng hạ tầng nào mà vị trí yêu cầu. Với môi trường khởi nghiệp cần người tự chủ ngay, khoảng cách là quá lớn. Hồ sơ không phù hợp."
cv_synthetic_jd_0026_partial_fit,synthetic_jd_0026,System Administrator,partial_fit,0.592,0.578,1.0,64.8,0.5,0.35,0.15,2.0,2,21,80.0,"Đáp ứng vượt yêu cầu về số năm kinh nghiệm (3.4 năm so với yêu cầu tối thiểu 2 năm) và đúng chuyên môn quản trị hệ thống | Đã trực tiếp vận hành Windows Server, Active Directory, DNS, DHCP, Group Policy cho môi trường khoảng 150 người dùng | Nắm vững phần mạng và bảo mật cơ bản: TCP/IP, VLAN, VPN, firewall pfSense, có chứng chỉ CCNA | Có kinh nghiệm sao lưu dữ liệu và giám sát hệ thống bằng Zabbix, đảm bảo hệ thống chạy ổn định trên 99%","Chưa từng triển khai ảo hóa VMware/Hyper-V trong môi trường công việc thật, mới chỉ thử nghiệm ở nhà | Chưa có kinh nghiệm thực tế với dịch vụ đám mây AWS/Azure, mới dừng ở mức học khóa online | Chưa thấy đề cập kỹ năng viết script tự động hóa (Bash, PowerShell) mà vị trí yêu cầu | Chưa có kinh nghiệm làm trong môi trường outsourcing hoặc hệ thống học trực tuyến quy mô lớn","Ứng viên có nền tảng quản trị hệ thống khá vững và đúng hướng, đủ tự tin đảm nhận phần lớn công việc hằng ngày ngay từ đầu. Điểm trừ là hai mảng ảo hóa và đám mây mới chỉ tự học ở nhà, chưa làm thật, nên tôi hạ nhẹ điểm xuống 80. Đây là hồ sơ đáng mời phỏng vấn, chỉ cần đào tạo bổ sung vài tháng."
cv_synthetic_jd_0026_poor_fit,synthetic_jd_0026,System Administrator,poor_fit,0.159,0.329,1.0,34.5,0.5,0.35,0.15,2.0,2,21,48.0,"Có bằng đại học chính quy, cao hơn mức bằng cấp tối thiểu mà vị trí yêu cầu | Đã đi làm khoảng 2.5 năm, quen với việc tự quản lý tiến độ và làm việc với khách hàng | Biết dùng Git ở mức cơ bản và có thói quen tự học công cụ mới qua tài liệu online","Không có bất kỳ kinh nghiệm quản trị hệ thống nào: chưa từng làm việc với Linux, Windows Server, Active Directory, DNS, DHCP hay Group Policy | Thiếu hoàn toàn kiến thức mạng và bảo mật bắt buộc (TCP/IP, VLAN, VPN, firewall), là phần cốt lõi của công việc | Chưa từng dùng ảo hóa (VMware/Hyper-V), công cụ giám sát (Zabbix, Nagios) hay cloud (AWS/Azure) | Kinh nghiệm 2.5 năm là ở mảng thiết kế đồ họa, không liên quan đến vị trí, nên không thay thế được yêu cầu 2 năm làm quản trị hệ thống","Ứng viên là người làm thiết kế đồ họa, hoàn toàn chưa có kinh nghiệm vận hành máy chủ và hệ thống mạng — đây lại chính là toàn bộ nội dung công việc. Điểm máy chấm đang cao hơn thực tế vì hệ thống tính cả số năm đi làm dù công việc cũ không liên quan gì, nên tôi hạ xuống 48. Hồ sơ này không phù hợp với vị trí."
cv_synthetic_jd_0027_good_fit,synthetic_jd_0027,QA Automation Engineer,good_fit,0.686,0.918,1.0,81.0,0.5,0.4,0.1,4.0,3,16,90.0,"5.2 năm kinh nghiệm kiểm thử, trong đó hơn 3 năm chuyên sâu về kiểm thử tự động, vượt yêu cầu tối thiểu 4 năm | Đã tự xây dựng hệ thống kiểm thử tự động từ đầu và giảm được 60% thời gian kiểm thử lặp lại — đúng bài toán công ty đang cần | Có kinh nghiệm hiếm và rất đúng ngành: từng kiểm thử hệ thống kết nối cảm biến, thiết bị công nghiệp qua giao thức MQTT | Đã hướng dẫn 2 nhân sự kiểm thử ít kinh nghiệm hơn, phù hợp với yêu cầu dìu dắt đội nhóm của vị trí","Chưa có kinh nghiệm với công cụ Cypress mà mô tả công việc có nhắc tới (tuy đã dùng Playwright và Selenium tương đương) | Chưa có chứng chỉ ISTQB cấp Advanced, hiện mới ở mức Foundation | Chưa từng làm kiểm thử hiệu năng (kiểm tra hệ thống chịu tải), là một điểm cộng công ty mong muốn | Chưa có kinh nghiệm với Docker/Kubernetes trong môi trường kiểm thử","Đây là hồ sơ rất sát với yêu cầu: đủ số năm kinh nghiệm, đã từng tự dựng hệ thống kiểm thử tự động và đặc biệt đã làm với thiết bị máy móc công nghiệp — thứ mà rất ít ứng viên có. Tôi nâng điểm lên 90 vì máy chấm chưa đánh giá đúng giá trị của kinh nghiệm ngành sản xuất này. Nên ưu tiên phỏng vấn sớm."
cv_synthetic_jd_0027_poor_fit,synthetic_jd_0027,QA Automation Engineer,poor_fit,0.428,0.059,1.0,33.8,0.5,0.4,0.1,4.0,3,16,54.0,"Có bằng đại học đúng ngành công nghệ thông tin, đạt yêu cầu về bằng cấp | Biết lập trình JavaScript và Python cơ bản, là nền tảng có thể học kiểm thử tự động sau này | Đã đi thực tập thật tại công ty phần mềm, quen với họp hằng ngày và làm việc nhóm | Có tinh thần cầu tiến, chủ động muốn chuyển hướng sang mảng kiểm thử","Chưa từng viết một dòng kiểm thử tự động nào: không có kinh nghiệm với Selenium, Playwright, Cypress hay RestAssured | Chưa từng viết test case chính thức, chưa biết lập test plan — đây là yêu cầu cơ bản của vị trí | Chỉ có 0.5 năm kinh nghiệm so với yêu cầu tối thiểu 4 năm cho vị trí cấp cao | Không có kinh nghiệm với hệ thống sản xuất, thiết bị công nghiệp hay các giao thức MQTT, SCADA mà công ty đang dùng","Đây là vị trí cấp cao cần người tự xây dựng được hệ thống kiểm thử tự động và hướng dẫn người khác, nhưng ứng viên mới ra trường và chưa từng làm kiểm thử. Máy chấm điểm kỹ năng khá cao vì bạn biết một số ngôn ngữ lập trình trùng tên, nhưng thực tế chưa dùng chúng cho việc kiểm thử, nên tôi hạ xuống 54. Khoảng cách với yêu cầu là quá lớn."
cv_synthetic_jd_0028_good_fit,synthetic_jd_0028,Data Analyst,good_fit,0.66,0.819,1.0,76.6,0.45,0.45,0.1,7.0,3,20,92.0,"7.8 năm kinh nghiệm phân tích dữ liệu, trong đó 3.3 năm dẫn dắt nhóm 5 người — vượt yêu cầu 7 năm và 2 năm quản lý | Đã làm việc trực tiếp và trình bày kết quả bằng tiếng Anh với khách hàng Mỹ, Nhật, Singapore, đúng đặc thù công ty outsourcing | Thành thạo cả SQL nâng cao lẫn Power BI, từng tối ưu báo cáo trên dữ liệu hơn 1 tỷ dòng, giảm thời gian chạy từ 45 phút xuống dưới 5 phút | Có kinh nghiệm xây dựng quy trình xử lý dữ liệu và đào tạo nhân sự mới, phù hợp yêu cầu chuẩn hóa quy trình cho đội","Chưa có kinh nghiệm với ngôn ngữ R, dù đã dùng thành thạo Python thay thế | Chưa từng làm với công cụ Airflow, mới có kinh nghiệm với SSIS và Talend | Chưa có kinh nghiệm với kho dữ liệu đám mây (BigQuery, Snowflake, Redshift) mà công ty ưu tiên | Không biết tiếng Nhật, có thể hạn chế khi tham gia dự án khách hàng Nhật Bản","Hồ sơ gần như khớp hoàn toàn với yêu cầu: đủ số năm kinh nghiệm, đã từng quản lý nhóm và quan trọng nhất là đã quen làm việc trực tiếp với khách hàng nước ngoài — điều kiện then chốt của công ty. Tôi nâng lên 92 vì kinh nghiệm dẫn dắt nhóm và giao tiếp khách hàng quốc tế chưa được máy chấm phản ánh đủ. Đây là ứng viên nên mời phỏng vấn ngay."
cv_synthetic_jd_0028_poor_fit,synthetic_jd_0028,Data Analyst,poor_fit,0.232,0.043,1.0,22.4,0.45,0.45,0.1,7.0,3,20,35.0,"Có bằng đại học, đáp ứng yêu cầu bằng cấp tối thiểu của vị trí | Biết dùng Excel ở mức cơ bản và từng tổng hợp số liệu tương tác để báo cáo hằng tuần | Có kỹ năng trình bày và làm việc nhóm tốt qua các dự án truyền thông","Không biết SQL — đây là kỹ năng bắt buộc và quan trọng nhất của vị trí phân tích dữ liệu | Chưa từng sử dụng công cụ báo cáo chuyên nghiệp như Power BI hay Tableau, cũng không biết Python/R | Chỉ có 1 năm kinh nghiệm ở mảng thiết kế, trong khi vị trí yêu cầu 7 năm phân tích dữ liệu và 2 năm dẫn dắt đội nhóm | Chưa từng làm việc với khách hàng nước ngoài và không có kinh nghiệm quản lý nhóm","Ứng viên xuất thân từ ngành thiết kế đồ họa, chưa có bất kỳ kinh nghiệm hay kỹ năng nào về phân tích dữ liệu, trong khi đây là vị trí cấp cao cần 7 năm kinh nghiệm và khả năng dẫn dắt nhóm. Tôi hạ điểm xuống 35 vì phần điểm bằng cấp đang kéo điểm tổng lên cao hơn thực tế. Hồ sơ không phù hợp."
cv_synthetic_jd_0029_good_fit,synthetic_jd_0029,Mobile Developer (Android),good_fit,0.765,0.535,1.0,79.0,0.5,0.2,0.3,0.0,2,11,92.0,"Nắm chắc gần như toàn bộ kỹ năng bắt buộc của vị trí: Kotlin, các thành phần cơ bản của Android, Git và kiến thức lập trình nền tảng | Đã có 6 tháng thực tập thật tại công ty phần mềm, từng làm module thanh toán và viết kiểm thử cơ bản | Có 3 dự án cá nhân hoàn chỉnh trên GitHub, trong đó đồ án tốt nghiệp mô phỏng ví điện tử — rất sát với sản phẩm Fintech của công ty | Đáp ứng luôn cả phần lớn kỹ năng ưu tiên: MVVM, Retrofit, Firebase, Jetpack Compose","Chưa có kinh nghiệm thực tế về bảo mật ứng dụng tài chính (mã hóa dữ liệu, SSL Pinning) mà công ty đánh giá cao | Kinh nghiệm mới ở mức thực tập 6 tháng, chưa từng chịu trách nhiệm một tính năng hoàn chỉnh trên sản phẩm chạy thật | Trình độ tiếng Anh mới ở mức đọc hiểu tài liệu (TOEIC 550), có thể hạn chế khi làm với đối tác Nhật, Singapore","So với mặt bằng ứng viên mới ra trường, bạn này chuẩn bị rất tốt: nắm gần đủ kỹ năng yêu cầu, đã đi thực tập thật và có sẵn sản phẩm mô phỏng ví điện tử đúng lĩnh vực công ty đang làm. Tôi giữ điểm ở mức 92, chỉ điều chỉnh nhẹ vì bạn chưa có kinh nghiệm về phần bảo mật dữ liệu tài chính. Rất phù hợp cho vị trí tuyển mới ra trường."
cv_synthetic_jd_0029_poor_fit,synthetic_jd_0029,Mobile Developer (Android),poor_fit,0.293,0.34,1.0,51.4,0.5,0.2,0.3,0.0,2,11,58.0,"Có bằng đại học chính quy, vượt mức bằng cấp tối thiểu vị trí yêu cầu | Đã đi làm 2.3 năm trong môi trường doanh nghiệp, quen với việc lập báo cáo và phối hợp giữa các bộ phận | Tính cẩn thận, tỉ mỉ được rèn qua công việc kiểm tra chất lượng, là điểm cộng khi làm phần mềm | Có tinh thần chủ động chuyển hướng, đã tự học qua các khóa lập trình ngắn hạn","Không biết Kotlin hay Java, cũng chưa từng lập trình Android — đây là toàn bộ nội dung công việc | Chưa có bất kỳ đồ án hay sản phẩm nào về ứng dụng di động, trong khi vị trí yêu cầu có project cá nhân về Android | Kiến thức lập trình mới dừng ở HTML/CSS và một ít Python từ khóa học online, chưa đủ nền tảng để bắt đầu | 2.3 năm kinh nghiệm là ở ngành thực phẩm, không chuyển đổi được sang công việc lập trình","Ứng viên tốt nghiệp ngành công nghệ thực phẩm và đang làm kiểm tra chất lượng thực phẩm, hoàn toàn chưa có nền tảng lập trình di động. Máy chấm cho điểm kinh nghiệm cao vì tính cả 2.3 năm đi làm, nhưng công việc cũ không liên quan, nên tôi hạ xuống 58. Dù thái độ cầu tiến tốt, bạn cần học thêm khá nhiều trước khi ứng tuyển vị trí này."
cv_synthetic_jd_0030_good_fit,synthetic_jd_0030,Data Analyst,good_fit,0.677,0.711,1.0,72.1,0.55,0.35,0.1,2.0,3,17,88.0,"3.8 năm kinh nghiệm phân tích dữ liệu, trong đó 2 năm làm trực tiếp cho 3 tựa game casual — đúng ngành công ty đang cần | Đã dùng thật đủ bộ công cụ đo lường ngành game: AppsFlyer, Firebase Analytics, GameAnalytics | Am hiểu và đã theo dõi thực tế các chỉ số quan trọng: giữ chân người chơi, giá trị vòng đời, doanh thu trên đầu người | Từng tự thiết lập hệ thống theo dõi sự kiện cho game mới trước khi ra mắt — đúng việc mà tin tuyển dụng mô tả","Chưa có kinh nghiệm với ngôn ngữ R, dù đã dùng Python thay thế tốt | Chưa dùng công cụ Adjust và Amplitude mà tin tuyển dụng có nhắc tới | Chưa thấy đề cập kinh nghiệm sâu về cân bằng nền kinh tế trong game, mới ở mức đánh giá tác động của thay đổi","Đây là ứng viên gần như đo ni đóng giày cho vị trí: đã làm đúng ngành game, dùng đúng bộ công cụ và theo dõi đúng các chỉ số công ty quan tâm, lại từng tự dựng hệ thống theo dõi từ đầu. Tôi nâng lên 88 vì máy chấm chưa phản ánh hết giá trị của kinh nghiệm đúng ngành này. Nên ưu tiên phỏng vấn."
cv_synthetic_jd_0030_partial_fit,synthetic_jd_0030,Data Analyst,partial_fit,0.409,0.711,1.0,57.4,0.55,0.35,0.1,2.0,3,17,70.0,"Vượt yêu cầu về số năm kinh nghiệm (2.4 năm so với tối thiểu 2 năm) và đúng vị trí phân tích dữ liệu | Thành thạo phần kỹ thuật lõi: viết truy vấn dữ liệu phức tạp, Python xử lý số liệu và xây dashboard trên Power BI | Đã tự thiết kế và đánh giá thử nghiệm A/B giúp tăng tỷ lệ chuyển đổi 8% ở công ty cũ | Đã chủ động tự học các chỉ số đặc thù ngành game qua dự án cá nhân trước khi ứng tuyển","Chưa từng làm trong ngành game, toàn bộ kinh nghiệm là ở thương mại điện tử | Chưa dùng thật các công cụ đo lường chuyên cho game như Firebase, AppsFlyer, GameAnalytics, Amplitude — mới chỉ luyện tập với dữ liệu mẫu | Chưa có kiến thức về cân bằng nền kinh tế trong game và mô hình tính giá trị vòng đời người chơi | Kinh nghiệm quảng cáo mới ở mức cơ bản, chưa từng tối ưu ngân sách thu hút người dùng","Ứng viên có nền tảng kỹ thuật phân tích dữ liệu tốt và đủ số năm kinh nghiệm, nhưng toàn bộ là ở ngành thương mại điện tử chứ không phải game. Các công cụ đo lường riêng của ngành game bạn mới tự học chứ chưa dùng thật, nên tôi hạ nhẹ xuống 70. Có thể cân nhắc nếu công ty chấp nhận đào tạo 2-3 tháng về đặc thù ngành."
cv_synthetic_jd_0031_good_fit,synthetic_jd_0031,Security Engineer,good_fit,0.688,0.548,1.0,75.4,0.5,0.2,0.3,0.0,3,16,88.0,"Tốt nghiệp đúng chuyên ngành An toàn thông tin, nắm chắc phần lớn kỹ năng bắt buộc dù mới ra trường | Đã thực tập 6 tháng đúng mảng bảo mật: quét lỗ hổng thật cho ứng dụng khách hàng và viết báo cáo cho 3 dự án | Có kinh nghiệm rà soát bảo mật cho Docker và Kubernetes — rất trùng khớp với hạ tầng đám mây mà công ty đang dùng | Có 3 dự án cá nhân thực chất: tự xây hệ thống giám sát bảo mật và công cụ quét lỗ hổng tự động bằng Python","Chưa có chứng chỉ Security+ hay CEH mà công ty ưu tiên | Chưa từng thi đấu CTF, một hoạt động công ty đánh giá cao | Chưa có kiến thức về bảo mật cho mô hình trí tuệ nhân tạo — mảng đặc thù của công ty này | Kinh nghiệm giám sát cảnh báo tập trung mới ở mức làm lab, chưa vận hành hệ thống thật","So với mặt bằng ứng viên mới ra trường ở mảng bảo mật, hồ sơ này nổi bật: đúng chuyên ngành, đã thực tập thật và làm được cả phần bảo mật cho hạ tầng container mà công ty đang vận hành. Tôi nâng lên 88 vì kinh nghiệm với Docker/Kubernetes rất đúng nhu cầu và chưa được máy chấm tính đủ. Rất đáng mời phỏng vấn."
cv_synthetic_jd_0031_poor_fit,synthetic_jd_0031,Security Engineer,poor_fit,0.14,0.331,1.0,43.6,0.5,0.2,0.3,0.0,3,16,50.0,"Có bằng đại học, đạt yêu cầu bằng cấp tối thiểu của vị trí | Có 1.5 năm đi làm, quen với deadline và phối hợp nhóm | Biết dùng Git ở mức cơ bản","Không có bất kỳ kiến thức nào về an ninh mạng: chưa biết TCP/IP, tường lửa, VPN hay các lỗ hổng web phổ biến | Chưa từng dùng công cụ bảo mật nào như Nmap, Burp Suite, Nessus hay OWASP ZAP | Không biết lập trình Python hay Bash để tự động hóa việc kiểm tra bảo mật | Kinh nghiệm 1.5 năm là ở mảng thiết kế đồ họa, không liên quan đến vị trí","Ứng viên là người làm thiết kế đồ họa, chưa có kiến thức nền nào về bảo mật hệ thống — trong khi đây là toàn bộ nội dung công việc. Điểm máy chấm đang cao vì tính cả bằng cấp và số năm đi làm ở ngành khác, nên tôi hạ xuống 50. Hồ sơ không phù hợp với vị trí."
cv_synthetic_jd_0032_partial_fit,synthetic_jd_0032,Data Analyst,partial_fit,0.607,0.548,1.0,66.8,0.5,0.3,0.2,0.5,3,10,76.0,"Đạt đúng mức kinh nghiệm tối thiểu (6 tháng) và đã làm thật việc tổng hợp, làm sạch dữ liệu bán hàng | Biết viết truy vấn dữ liệu và dùng thành thạo Excel nâng cao — hai kỹ năng bắt buộc quan trọng nhất | Đã tự học và xây được dashboard trên Power BI, có dự án cá nhân phân tích hành vi khách hàng | Có tư duy phân tích và sự cẩn thận với số liệu, được rèn qua nền tảng kế toán","Truy vấn dữ liệu mới ở mức cơ bản, chưa dùng được các phép tính nâng cao mà vị trí yêu cầu | Chưa dùng Looker Studio hay Tableau trong dự án thật, mới học qua khóa online | Chưa biết Python — kỹ năng công ty ưu tiên khi xử lý dữ liệu lớn hơn Excel | Không có kinh nghiệm ngành giáo dục trực tuyến và chưa từng làm thử nghiệm A/B","Ứng viên học kế toán nhưng đã chủ động tự học và làm được việc phân tích dữ liệu thực tế ở mức cơ bản, đủ để bắt đầu ở vị trí mới ra trường. Điểm trừ là kỹ năng truy vấn dữ liệu còn nông và chưa biết Python, nên tôi hạ nhẹ xuống 76. Là hồ sơ đáng cân nhắc nếu công ty sẵn sàng đào tạo thêm."
cv_synthetic_jd_0032_poor_fit,synthetic_jd_0032,Data Analyst,poor_fit,0.243,0.334,1.0,42.2,0.5,0.3,0.2,0.5,3,10,50.0,"Có bằng đại học kỹ thuật, tư duy logic và khả năng tổng hợp báo cáo tốt | Đã đi làm 2 năm, vượt yêu cầu tối thiểu về số năm kinh nghiệm | Có thói quen ghi nhận, theo dõi số liệu sản xuất hằng ngày bằng Excel","Không biết SQL — kỹ năng bắt buộc và quan trọng nhất của vị trí, ứng viên tự nhận chưa từng dùng | Chưa từng sử dụng bất kỳ công cụ trực quan hóa dữ liệu nào như Power BI, Tableau hay Looker Studio | Excel mới ở mức cơ bản, chưa thành thạo pivot table và các hàm thống kê mà vị trí yêu cầu | Toàn bộ 2 năm kinh nghiệm là ở lĩnh vực cơ khí chế tạo, không liên quan đến phân tích dữ liệu kinh doanh","Ứng viên là kỹ sư cơ khí, chưa có kỹ năng nào thuộc nhóm bắt buộc của vị trí phân tích dữ liệu và chính bạn cũng ghi rõ điều đó trong hồ sơ. Máy chấm cho điểm kỹ năng khá cao do nhầm lẫn giữa việc dùng Excel ghi số liệu với phân tích dữ liệu chuyên nghiệp, nên tôi hạ xuống 50. Hồ sơ chưa phù hợp."
cv_synthetic_jd_0033_partial_fit,synthetic_jd_0033,Frontend Developer,partial_fit,0.529,0.69,1.0,64.0,0.5,0.4,0.1,4.0,3,22,70.0,"3.2 năm kinh nghiệm đúng vị trí lập trình giao diện web, gần đạt mức 4 năm mà vị trí yêu cầu | Thành thạo React.js và các công cụ liên quan, đã xây dựng thư viện thành phần dùng lại giúp giảm 20% thời gian tải trang | Có kinh nghiệm viết kiểm thử tự động cho giao diện, một yêu cầu bắt buộc mà nhiều ứng viên cùng cấp còn thiếu | Đã tự luyện tập với giao diện ngân hàng số qua dự án cá nhân, cho thấy sự chủ động chuẩn bị","Chưa từng làm trong môi trường tài chính, ngân hàng có yêu cầu bảo mật nghiêm ngặt — chính ứng viên cũng ghi nhận điểm này | Kiến thức bảo mật giao diện mới ở mức cơ bản, chưa làm với xác thực JWT, OAuth2 trong hệ thống thật | Chưa có kinh nghiệm với dữ liệu thời gian thực, GraphQL hay việc dựng quy trình triển khai tự động | Chưa từng làm việc trực tiếp với đội ngũ kỹ thuật nước ngoài bằng tiếng Anh, trong khi vị trí yêu cầu họp trực tiếp","Ứng viên có nền tảng lập trình giao diện vững và chỉ thiếu chút ít về số năm kinh nghiệm, nhưng khoảng cách lớn nhất là chưa từng làm sản phẩm tài chính đòi hỏi độ chính xác và bảo mật cao. Khả năng làm việc bằng tiếng Anh với đội nước ngoài cũng chưa được chứng minh, nên tôi hạ xuống 70. Có thể phỏng vấn nhưng cần kiểm tra kỹ hai điểm này."
cv_synthetic_jd_0033_poor_fit,synthetic_jd_0033,Frontend Developer,poor_fit,0.305,0.027,1.0,26.3,0.5,0.4,0.1,4.0,3,22,42.0,"Có bằng đại học đúng ngành công nghệ thông tin | Nắm được kiến thức nền tảng về HTML, CSS và JavaScript cơ bản | Đã có 3 tháng thực tập tại công ty phần mềm, quen với việc báo cáo tiến độ theo tuần","Chỉ có 3 tháng thực tập so với yêu cầu tối thiểu 4 năm kinh nghiệm cho vị trí cấp cao | Chưa từng dùng React.js trong dự án thật, mới chỉ xem qua khóa học online — trong khi đây là công nghệ chính của công việc | Không biết TypeScript, không có kinh nghiệm quản lý trạng thái ứng dụng, tối ưu hiệu năng hay viết kiểm thử tự động | Tiếng Anh mới ở mức TOEIC 450, chưa đủ để làm việc với đội ngũ tại Mỹ và Singapore như yêu cầu","Đây là vị trí cấp cao cần người thiết kế kiến trúc và hướng dẫn nhân sự khác, nhưng ứng viên mới ra trường và chưa có kinh nghiệm thật với công nghệ chính. Trình độ tiếng Anh cũng chưa đáp ứng yêu cầu họp trực tiếp với đối tác nước ngoài, nên tôi hạ xuống 42. Khoảng cách với vị trí là rất lớn."
cv_synthetic_jd_0034_good_fit,synthetic_jd_0034,Fullstack Developer,good_fit,0.802,0.681,1.0,82.7,0.55,0.2,0.25,0.0,2,18,90.0,"Đáp ứng gần như toàn bộ kỹ năng bắt buộc: giao diện, xử lý phía máy chủ và cơ sở dữ liệu đều có | Đã thực tập 9 tháng làm đúng công việc fullstack, tự xây dựng được các chức năng quản lý đơn hàng hoàn chỉnh | Đồ án tốt nghiệp là hệ thống quản lý kho vận và theo dõi vận đơn — trùng khớp với sản phẩm quản lý vận tải công ty đang làm | Đã quen quy trình làm việc theo nhóm chuyên nghiệp và có tiếng Anh TOEIC 650, phù hợp môi trường outsourcing","Chưa có kinh nghiệm với Java Spring Boot, mới chỉ biết Java ở mức cơ bản | Chưa từng làm dự án thật cho khách hàng nước ngoài, mới ở môi trường công ty trong nước | Kinh nghiệm Docker và triển khai tự động mới ở mức cơ bản | Chưa có kiến thức nghiệp vụ logistics ngoài phạm vi đồ án","Hồ sơ rất phù hợp cho vị trí tuyển người mới: kỹ năng gần như đủ, đã thực tập đúng công việc 9 tháng và đồ án tốt nghiệp lại đúng lĩnh vực quản lý kho vận mà công ty đang triển khai. Tôi giữ điểm cao ở mức 90, chỉ trừ nhẹ vì bạn chưa có kinh nghiệm với khách hàng nước ngoài. Nên mời phỏng vấn."
cv_synthetic_jd_0034_partial_fit,synthetic_jd_0034,Fullstack Developer,partial_fit,0.642,0.483,1.0,70.0,0.55,0.2,0.25,0.0,2,18,80.0,"Nắm vững phần giao diện web: JavaScript, ReactJS, Redux và thiết kế hiển thị tốt trên nhiều thiết bị | Đã thực tập 6 tháng thật tại công ty, quen làm việc theo nhóm và họp tiến độ hằng ngày | Có đồ án tốt nghiệp làm cả giao diện lẫn xử lý phía máy chủ, đạt điểm 9/10 | Biết dùng Git theo quy trình chuyên nghiệp (tạo nhánh, gửi yêu cầu ghép code)","Phần xử lý phía máy chủ mới ở mức cơ bản, tự học qua khóa online và một dự án nhỏ — chưa từng làm độc lập trong dự án doanh nghiệp | Chưa biết NestJS hay Java Spring Boot, hai công nghệ mà công ty đang dùng | Truy vấn cơ sở dữ liệu mới ở mức câu lệnh cơ bản, chưa xử lý được nghiệp vụ phức tạp | Chưa có kinh nghiệm với lĩnh vực logistics và chưa làm việc với khách hàng quốc tế","Ứng viên mạnh về phần giao diện nhưng phần xử lý phía máy chủ còn khá mỏng, trong khi vị trí này yêu cầu làm được cả hai. Đây vẫn là hồ sơ khá cho vị trí tuyển người ít kinh nghiệm, tôi chỉ hạ nhẹ xuống 80. Nếu công ty có chương trình đào tạo 3 tháng như mô tả thì bạn hoàn toàn có thể theo kịp."
cv_synthetic_jd_0035_good_fit,synthetic_jd_0035,Machine Learning Engineer,good_fit,0.734,0.546,1.0,78.6,0.55,0.15,0.3,0.0,3,12,92.0,"Đáp ứng đầy đủ cả nhóm kỹ năng bắt buộc lẫn gần như toàn bộ nhóm ưu tiên, hiếm gặp ở ứng viên thực tập | Đã biết đóng gói mô hình thành dịch vụ bằng Flask và kiểm thử bằng Postman — đúng công việc mà tin tuyển dụng mô tả | Có 4 dự án thực chất, gồm cả xử lý ngôn ngữ tự nhiên và chatbot, trùng với các sản phẩm công ty đang phát triển | Đạt Top 15% một cuộc thi Kaggle và có tiếng Anh TOEIC 700, đủ để đọc paper và làm với khách hàng nước ngoài","Chưa dùng PyTorch, mới quen với TensorFlow/Keras | Kinh nghiệm thực tế mới ở mức cộng tác viên bán thời gian tại trường, chưa làm trong doanh nghiệp | Chưa có kinh nghiệm với sản phẩm phần mềm dịch vụ (SaaS) và dữ liệu khách hàng quy mô lớn","Đây là hồ sơ thực tập sinh rất mạnh: đủ kiến thức nền, biết đưa mô hình lên thành dịch vụ chạy được và đã có kinh nghiệm với chatbot cùng xử lý văn bản — chính là các sản phẩm công ty đang làm. Tôi nâng lên 92 vì máy chấm chưa tính đủ giá trị của bộ dự án phong phú này. Nên nhận ngay."
cv_synthetic_jd_0035_partial_fit,synthetic_jd_0035,Machine Learning Engineer,partial_fit,0.713,0.553,1.0,77.5,0.55,0.15,0.3,0.0,3,12,82.0,"Nắm chắc toàn bộ nhóm thuật toán học máy cơ bản mà vị trí yêu cầu, học qua cả môn học lẫn tự học thêm | Thành thạo Python cùng các thư viện xử lý dữ liệu chính, có nền tảng toán và thống kê vững | Có 3 đồ án học máy hoàn chỉnh đăng công khai trên GitHub, gồm cả xử lý văn bản và phân cụm khách hàng | Đã làm trợ giảng môn lập trình, cho thấy khả năng diễn đạt và làm việc với người khác","Chưa biết đóng gói mô hình thành dịch vụ (Flask/FastAPI) — bạn tự nhận đang học, trong khi đây là yêu cầu bắt buộc | Chưa có kiến thức học sâu (mạng nơ-ron, CNN, RNN) mà công ty ưu tiên | Chưa từng dùng TensorFlow hay PyTorch | Chưa từng tham gia cuộc thi Kaggle và chưa có kinh nghiệm làm trong doanh nghiệp","Sinh viên năm 3 với nền tảng học máy cơ bản khá chắc và có sản phẩm thật để chứng minh, phù hợp với vị trí thực tập. Điểm thiếu là chưa biết đưa mô hình thành dịch vụ chạy được và chưa có kiến thức học sâu, nên tôi hạ nhẹ xuống 82. Vẫn là hồ sơ tốt cho vị trí thực tập sinh."
cv_synthetic_jd_0036_partial_fit,synthetic_jd_0036,QA Engineer / Tester,partial_fit,0.677,0.529,1.0,76.8,0.5,0.15,0.35,0.0,3,10,84.0,"Đúng chuyên ngành kỹ thuật phần mềm, đã học môn kiểm thử và làm đồ án viết test case, ghi nhận được 15 lỗi | Hiểu cách trang web hoạt động và đã tự học dùng Postman để kiểm tra dữ liệu trả về | Đã có kinh nghiệm thực tế kiểm tra thông tin sản phẩm trên website, rèn được tính cẩn thận | Tiếng Anh đọc hiểu tài liệu ở mức khá, đủ để tự nghiên cứu","Chưa dùng thật Jira, mới chỉ nghe qua — trong khi đây là công cụ hằng ngày của vị trí | Chưa từng viết kiểm thử tự động, mới đọc lý thuyết về Selenium/Playwright | Chưa có kinh nghiệm làm việc theo quy trình Agile/Scrum thật trong doanh nghiệp | Chưa biết SQL và chưa có kiến thức về học máy — hai điểm cộng công ty mong muốn","Sinh viên năm 3 đúng ngành, đã có nền tảng kiểm thử cơ bản và chủ động tự học thêm công cụ, hoàn toàn đủ cho vị trí thực tập. Điểm trừ nhỏ là chưa dùng Jira thật và chưa quen quy trình làm việc trong doanh nghiệp, nên tôi hạ nhẹ xuống 84. Là hồ sơ phù hợp để nhận thực tập."
cv_synthetic_jd_0036_poor_fit,synthetic_jd_0036,QA Engineer / Tester,poor_fit,0.275,0.373,1.0,54.3,0.5,0.15,0.35,0.0,3,10,59.0,"Tính tỉ mỉ, chú ý chi tiết từ nghề thiết kế là phẩm chất quan trọng với công việc kiểm thử | Có bằng đại học, đạt yêu cầu bằng cấp của vị trí | Đã quen làm việc nhóm và họp cập nhật tiến độ định kỳ","Chưa từng viết test case hay thực hiện kiểm thử phần mềm — đây là nội dung chính của công việc | Không hiểu cách một trang web hoạt động (luồng yêu cầu - phản hồi), chưa từng dùng công cụ kiểm tra của trình duyệt | Chưa từng dùng Jira hay bất kỳ công cụ quản lý lỗi nào | Toàn bộ kinh nghiệm 1.5 năm là ở câu lạc bộ truyền thông, không liên quan đến phần mềm","Ứng viên học thiết kế đồ họa và chưa có kiến thức nào về kiểm thử phần mềm, dù sự tỉ mỉ là điểm cộng. Máy chấm cho điểm kinh nghiệm cao vì tính cả thời gian làm ở câu lạc bộ, nhưng công việc đó không liên quan, nên tôi hạ xuống 59. Chưa phù hợp kể cả với vị trí thực tập."
cv_synthetic_jd_0037_good_fit,synthetic_jd_0037,Security Engineer,good_fit,0.819,0.495,1.0,82.5,0.55,0.15,0.3,0.0,2,18,92.0,"Đáp ứng đủ 100% nhóm kỹ năng bắt buộc dù mới ra trường, đúng chuyên ngành An toàn thông tin | Đã thực tập thật 6 tháng đúng mảng bảo mật: quét lỗ hổng cho website, API khách hàng và viết báo cáo cho 3 dự án | Có kinh nghiệm thi đấu CTF và đạt giải Khuyến khích cấp khu vực — điểm cộng công ty ưu tiên | Đồ án tốt nghiệp về phòng chống tấn công trên hệ thống thiết bị kết nối, rất sát với môi trường nhà máy của công ty","Chưa có chứng chỉ CompTIA Security+ hay CEH mà công ty ưu tiên | Chưa có kiến thức chuyên sâu về bảo mật hệ thống công nghiệp (SCADA, PLC) — mảng đặc thù của công ty | Chưa có kinh nghiệm với dịch vụ đám mây AWS/Azure | Chưa nắm các tiêu chuẩn bảo mật như ISO 27001, NIST","Ứng viên mới ra trường nhưng nền tảng rất chắc: đủ toàn bộ kỹ năng bắt buộc, đã thực tập thật đúng nghề và đồ án tốt nghiệp lại đúng hướng thiết bị kết nối như môi trường nhà máy. Tôi nâng lên 92 vì kinh nghiệm CTF và đồ án về hệ thống IoT chưa được máy chấm tính đủ. Rất phù hợp với vị trí."
cv_synthetic_jd_0037_poor_fit,synthetic_jd_0037,Security Engineer,poor_fit,0.216,0.3,1.0,46.4,0.55,0.15,0.3,0.0,2,18,51.0,"Có bằng đại học, cao hơn mức bằng cấp tối thiểu vị trí yêu cầu | Đã đi làm 1 năm trong môi trường doanh nghiệp, quen phối hợp theo nhóm và bám deadline | Biết dùng Git ở mức cơ bản","Không có kiến thức nào về mạng máy tính hay các loại tấn công phổ biến — nền tảng bắt buộc của công việc | Chưa từng sử dụng bất kỳ công cụ bảo mật nào (Nmap, Wireshark, Burp Suite, Metasploit) | Không biết lập trình Python, Bash hay JavaScript để tự động hóa việc kiểm tra bảo mật | Không đạt bất kỳ tiêu chí ưu tiên nào: không chứng chỉ, không CTF, không kiến thức hệ thống công nghiệp","Ứng viên xuất thân thiết kế đồ họa, hoàn toàn chưa có nền tảng về an toàn thông tin trong khi vị trí này đòi hỏi kiến thức mạng và biết dùng công cụ bảo mật ngay từ đầu. Điểm máy chấm bị đẩy lên bởi bằng cấp và số năm đi làm ở ngành khác, nên tôi hạ xuống 51. Hồ sơ không phù hợp."
cv_synthetic_jd_0038_good_fit,synthetic_jd_0038,Database Administrator,good_fit,0.645,0.807,1.0,75.3,0.45,0.45,0.1,7.0,3,16,96.0,"8 năm kinh nghiệm quản trị cơ sở dữ liệu, trong đó 4 năm cấp cao dẫn dắt nhóm 3 người — vượt yêu cầu 7 năm | Đã triển khai hệ thống chạy liên tục cho 6 cụm máy chủ thật, đạt độ ổn định 99.95% đúng yêu cầu vận hành 24/7 | Từng chủ trì dự án chuyển hệ thống lên đám mây, giảm 30% chi phí hạ tầng — trùng với kế hoạch công ty đang làm | Kinh nghiệm đúng ngành logistics: đã quản trị hệ thống vận đơn và theo dõi container xử lý hơn 500.000 giao dịch mỗi ngày","Chưa có chứng chỉ AWS Certified Database - Specialty mà công ty liệt kê là điểm cộng | Chưa có kinh nghiệm với cơ sở dữ liệu Oracle và MongoDB | Chưa thấy đề cập kinh nghiệm lập trình Python phục vụ tự động hóa, chủ yếu dùng PowerShell và T-SQL","Hồ sơ khớp gần như hoàn hảo: đủ số năm, đã dẫn dắt nhóm, đã làm đúng ngành logistics với hệ thống giao dịch quy mô lớn và từng chủ trì việc chuyển hệ thống lên đám mây — đúng bài toán công ty đang cần. Tôi nâng lên 96 vì kinh nghiệm đúng ngành này rất khó tìm. Đây là ứng viên hàng đầu, nên liên hệ sớm."
cv_synthetic_jd_0038_poor_fit,synthetic_jd_0038,Database Administrator,poor_fit,0.299,0.04,1.0,25.3,0.45,0.45,0.1,7.0,3,16,48.0,"Có bằng đại học công nghệ thông tin, đáp ứng yêu cầu bằng cấp | Biết viết các câu truy vấn cơ sở dữ liệu cơ bản và hiểu khái niệm khóa chính, khóa ngoại | Đã có kinh nghiệm hỗ trợ sao lưu dữ liệu văn phòng và xử lý sự cố máy tính cơ bản","Chỉ có 0.9 năm kinh nghiệm so với yêu cầu tối thiểu 7 năm, lại là ở vị trí nhập liệu và hỗ trợ văn phòng | Chưa từng quản trị SQL Server, chưa biết các kỹ thuật đảm bảo hệ thống chạy liên tục (nhân bản, chuyển đổi dự phòng) | Chưa từng tối ưu hiệu năng truy vấn hay xây dựng kế hoạch khôi phục sau sự cố — hai việc chính của vị trí | Chưa từng quản lý hay hướng dẫn nhân sự khác, trong khi vị trí yêu cầu dẫn dắt nhóm 2-3 người","Đây là vị trí cấp cao cần 7 năm kinh nghiệm và khả năng dẫn dắt nhóm, nhưng ứng viên mới ra trường và chỉ có kinh nghiệm hỗ trợ văn phòng. Kiến thức cơ sở dữ liệu mới ở mức bài tập trên lớp, chưa từng vận hành hệ thống thật, nên tôi hạ xuống 48. Hồ sơ không phù hợp."
cv_synthetic_jd_0039_good_fit,synthetic_jd_0039,QA Engineer / Tester,good_fit,0.809,0.487,1.0,82.8,0.5,0.15,0.35,0.0,2,10,93.0,"Đáp ứng đủ 100% kỹ năng bắt buộc dù mới tốt nghiệp, gồm cả test case, test plan và kiểm thử đa trình duyệt | Đã thực tập 6 tháng đúng nghề, ghi nhận hơn 120 lỗi qua Jira và phối hợp với lập trình viên xác nhận sửa lỗi | Đồ án tốt nghiệp là bộ 80+ test case cho hệ thống quản lý kho, có sản phẩm cụ thể để đánh giá | Đã tự học và viết được 15 kịch bản kiểm thử tự động, đúng hướng phát triển mà công ty định hướng","Chứng chỉ ISTQB mới đang ôn thi, chưa hoàn thành | Chưa có kinh nghiệm kiểm thử ứng dụng di động mà công ty coi là lợi thế | Chưa từng dùng Postman để kiểm thử giao diện lập trình và chưa biết SQL để kiểm tra dữ liệu","Đây là hồ sơ mới ra trường rất tốt: đủ toàn bộ kỹ năng bắt buộc, đã thực tập thật với khối lượng công việc đáng kể và còn chủ động tự học kiểm thử tự động. Tôi giữ điểm cao ở mức 93, chỉ trừ nhẹ vì chứng chỉ chưa xong và chưa biết kiểm tra dữ liệu bằng truy vấn. Nên mời phỏng vấn ngay."
cv_synthetic_jd_0039_poor_fit,synthetic_jd_0039,QA Engineer / Tester,poor_fit,0.253,0.32,1.0,52.4,0.5,0.15,0.35,0.0,2,10,56.0,"Có bằng cao đẳng, đúng mức bằng cấp tối thiểu vị trí yêu cầu | Tính cẩn thận, chăm chỉ và biết dùng Excel — phù hợp với việc quản lý danh sách kiểm thử | Đã đi làm gần 1 năm, quen với việc chỉnh sửa theo phản hồi và bám thời hạn giao việc","Chưa biết gì về kiểm thử phần mềm: không nắm test case, test plan, vòng đời một lỗi hay kiểm thử hộp đen | Chưa từng kiểm thử ứng dụng web hay kiểm tra hiển thị trên nhiều trình duyệt | Không có bất kỳ kỹ năng ưu tiên nào: không Jira, không SQL, không Postman, không chứng chỉ ISTQB | Kinh nghiệm là ở ngành thiết kế in ấn và marketing, không liên quan đến phần mềm","Ứng viên làm thiết kế đồ họa và chưa tiếp xúc với kiểm thử phần mềm ở bất kỳ mức độ nào, kể cả lý thuyết cơ bản. Máy chấm cho điểm khá vì tính cả bằng cấp và số năm đi làm ở ngành khác, nên tôi hạ xuống 56. Hồ sơ chưa phù hợp với vị trí."
cv_synthetic_jd_0040_good_fit,synthetic_jd_0040,Mobile Developer (iOS),good_fit,0.755,0.626,1.0,82.1,0.5,0.15,0.35,0.0,3,9,92.0,"Nắm gần đủ kỹ năng bắt buộc: Swift, SwiftUI, Xcode, viết kiểm thử và tư duy lập trình hướng đối tượng | Có sẵn dự án cá nhân về quét mã QR/mã vạch kiểm tra thông tin sản phẩm, mô phỏng đúng quy trình kiểm soát chất lượng của nhà máy | Đã cộng tác bán thời gian phát triển ứng dụng thật, làm việc theo quy trình họp sprint hằng tuần | Tiếng Anh TOEIC 720, đủ để đọc tài liệu và trao đổi với kỹ sư nước ngoài; có sẵn máy MacBook để làm việc","Chưa biết tiếng Nhật, trong khi công ty là doanh nghiệp Nhật và coi đây là điểm cộng lớn | Chưa có kinh nghiệm thực tế với hệ thống quản lý sản xuất của nhà máy | Kinh nghiệm mới ở mức cộng tác viên bán thời gian tại trung tâm của trường, chưa làm trong doanh nghiệp | Chưa từng tìm hiểu về kiến trúc Clean Architecture mà công ty ưu tiên",Ứng viên đã chuẩn bị rất sát cho vị trí: đủ kỹ năng lập trình iOS và đặc biệt có sẵn ứng dụng quét mã kiểm tra sản phẩm — đúng thứ công ty đang làm cho nhà máy. Tôi nâng nhẹ lên 92 vì dự án này rất đúng trọng tâm mà máy chấm chưa tính hết. Rất phù hợp cho vị trí thực tập.
cv_synthetic_jd_0040_partial_fit,synthetic_jd_0040,Mobile Developer (iOS),partial_fit,0.771,0.518,1.0,81.3,0.5,0.15,0.35,0.0,3,9,84.0,"Có nền tảng lập trình vững qua C/C++, Java và đã học Swift, đúng ngôn ngữ chính của công việc | Đã tự làm 2 ứng dụng iOS cá nhân, trong đó có ứng dụng quét mã QR — liên quan trực tiếp đến sản phẩm của công ty | Chủ động tự học SwiftUI, Combine và kiến trúc MVVM ngoài chương trình học | Đang hỗ trợ kỹ thuật tại câu lạc bộ tin học, cho thấy khả năng hướng dẫn và giao tiếp","Kỹ năng SwiftUI mới ở mức bài tập nhỏ và khóa học online, chưa dùng trong dự án lớn — chính bạn cũng ghi nhận điều này | Chưa từng đi làm hay thực tập trong doanh nghiệp, chưa quen quy trình làm việc chuyên nghiệp | Combine và MVVM mới ở mức đọc tài liệu, chưa áp dụng thực tế | Chưa có kinh nghiệm với hệ thống quản lý sản xuất và không biết tiếng Nhật","Sinh viên năm 3 có nền tảng lập trình tốt và đã tự làm được ứng dụng iOS, trong đó có phần quét mã đúng nhu cầu công ty. Tuy nhiên các kỹ năng nâng cao mới ở mức tự học và bạn chưa từng làm trong môi trường doanh nghiệp, nên tôi hạ nhẹ xuống 84. Vẫn là hồ sơ ổn cho vị trí thực tập."
cv_synthetic_jd_0041_partial_fit,synthetic_jd_0041,Embedded Software Engineer,partial_fit,0.662,0.777,1.0,74.7,0.55,0.3,0.15,2.0,3,20,78.0,"3 năm kinh nghiệm đúng nghề lập trình nhúng, vượt yêu cầu tối thiểu 2 năm | Thành thạo C và các dòng vi điều khiển STM32, đã làm thật với các chuẩn giao tiếp UART, SPI, I2C trong sản phẩm công nghiệp | Có kinh nghiệm thực tế với hệ điều hành thời gian thực FreeRTOS để xử lý nhiều tác vụ song song | Chủ động tự làm dự án mô phỏng giao tiếp CAN để chuẩn bị cho mảng ô tô","Chưa có kinh nghiệm thực tế với chuẩn CAN trong dự án thật — mới dừng ở mức tự học và mô phỏng, trong khi đây là chuẩn bắt buộc cho dự án ô tô | Chưa từng làm theo các tiêu chuẩn ngành ô tô như AUTOSAR, ISO 26262, MISRA-C mà công ty yêu cầu | Chưa từng dùng dòng vi điều khiển Renesas mà khách hàng Nhật thường sử dụng | Không biết tiếng Nhật, có thể hạn chế khi làm trực tiếp với khách hàng Nhật Bản","Ứng viên có nền tảng lập trình nhúng vững và đủ số năm kinh nghiệm, nhưng toàn bộ là ở mảng thiết bị đo lường công nghiệp chứ chưa phải ô tô. Các tiêu chuẩn khắt khe của ngành ô tô bạn chưa từng làm qua, nên tôi hạ xuống 78. Vẫn đáng phỏng vấn nếu công ty sẵn sàng đào tạo về tiêu chuẩn."
cv_synthetic_jd_0041_poor_fit,synthetic_jd_0041,Embedded Software Engineer,poor_fit,0.238,0.427,1.0,40.9,0.55,0.3,0.15,2.0,3,20,49.0,"Có 2.9 năm kinh nghiệm lập trình chuyên nghiệp, quen quy trình làm việc nhóm và quản lý mã nguồn | Có bằng đại học đúng ngành công nghệ thông tin | Đã học qua ngôn ngữ C ở đại học, là nền tảng xa để có thể học lập trình nhúng","Chưa từng lập trình vi điều khiển, không có kinh nghiệm với STM32 hay bất kỳ dòng chip nào | Không biết các chuẩn giao tiếp phần cứng bắt buộc (UART, SPI, I2C, CAN) — nền tảng của toàn bộ công việc | Chưa từng dùng công cụ gỡ lỗi phần cứng, chưa biết đọc sơ đồ mạch hay tài liệu kỹ thuật của chip | Toàn bộ kinh nghiệm là lập trình web, không chuyển đổi được sang lập trình nhúng","Ứng viên là lập trình viên web, chưa từng làm việc với phần cứng hay vi điều khiển trong khi đây là toàn bộ nội dung công việc. Máy chấm cho điểm kinh nghiệm cao vì tính cả 2.9 năm lập trình, nhưng đó là mảng hoàn toàn khác, nên tôi hạ xuống 49. Hồ sơ không phù hợp."
cv_synthetic_jd_0042_good_fit,synthetic_jd_0042,Product Manager (Tech),good_fit,0.571,0.604,1.0,74.8,0.45,0.15,0.4,0.0,3,6,96.0,"Đúng chuyên ngành Hệ thống thông tin quản lý và đã thực tập 3 tháng ở vị trí phân tích nghiệp vụ | Đã viết thật tài liệu use case, user flow cho 3 chức năng của hệ thống quản lý khách hàng | Từng đóng vai trò chủ sản phẩm trong đồ án nhóm, tự viết tài liệu yêu cầu và lộ trình cho 3 giai đoạn phát triển | Có dự án cá nhân phân tích 5.000 đơn giao hàng để tìm nguyên nhân giao trễ — đúng bài toán logistics của công ty","Kinh nghiệm mới ở mức thực tập bán thời gian 3 tháng, chưa làm toàn thời gian trong doanh nghiệp | Kỹ năng Figma và SQL mới ở mức cơ bản, đủ để trao đổi chứ chưa tự làm sâu | Chưa có kinh nghiệm thực tế với ngành vận tải, kho bãi ngoài phạm vi dự án cá nhân","Đây là hồ sơ thực tập rất mạnh: đúng ngành học, đã thực tập đúng nghề, biết viết tài liệu yêu cầu và còn có sẵn dự án phân tích dữ liệu giao hàng trễ đúng lĩnh vực công ty. Tôi giữ điểm rất cao ở mức 96 vì gần như không có khoảng trống đáng kể so với yêu cầu. Nên nhận ngay."
cv_synthetic_jd_0042_poor_fit,synthetic_jd_0042,Product Manager (Tech),poor_fit,0.436,0.684,1.0,69.9,0.45,0.15,0.4,0.0,3,6,83.0,"Có tư duy logic và khả năng tổng hợp báo cáo kỹ thuật tốt, được rèn qua công việc kỹ thuật cơ khí | Đã có kinh nghiệm ghi nhận số liệu sản xuất và làm báo cáo cho quản lý xưởng | Đã làm đồ án nhóm quy mô lớn và biết trình bày, bảo vệ ý tưởng trước hội đồng | Đúng mức bằng cấp đại học mà vị trí yêu cầu, thái độ chăm chỉ và có trách nhiệm","Chưa từng viết user story hay use case — đây là công việc chính hằng ngày của vị trí | Chưa có bất kỳ dự án nào về sản phẩm số (ứng dụng, website), toàn bộ đồ án là về cơ khí | Không biết Figma, Jira, Notion hay SQL — bộ công cụ mà vị trí sử dụng thường xuyên | Không có kiến thức về quy trình phát triển phần mềm Agile/Scrum và lĩnh vực logistics","Ứng viên có tư duy logic và kỹ năng làm báo cáo tốt, nhưng toàn bộ nền tảng là cơ khí chứ không phải sản phẩm số. Máy chấm cho điểm rất cao vì vị trí thực tập này chủ yếu yêu cầu kỹ năng mềm, nhưng thực tế bạn chưa từng chạm tới việc phân tích và mô tả yêu cầu phần mềm, nên tôi hạ xuống 83. Chỉ nên cân nhắc nếu công ty chấp nhận đào tạo lại từ đầu."
cv_synthetic_jd_0043_partial_fit,synthetic_jd_0043,System Administrator,partial_fit,0.68,0.455,1.0,70.4,0.5,0.25,0.25,0.0,2,17,82.0,"Đúng chuyên ngành mạng máy tính, nắm được phần lớn kỹ năng bắt buộc dù mới ra trường | Đã tự triển khai thật: thuê máy chủ riêng, cài đặt hệ điều hành, cấu hình web server và tự động sao lưu dữ liệu | Có đồ án thiết kế mạng doanh nghiệp hoàn chỉnh với tường lửa và kết nối riêng giữa các chi nhánh | Đã thực hành giám sát hiệu năng máy chủ bằng Zabbix, đúng công cụ mà công ty coi là lợi thế","Chỉ có 3 tháng thực tập ở vị trí hỗ trợ người dùng, chưa từng vận hành hệ thống chạy thật cho khách hàng | Chứng chỉ CCNA mới đang ôn thi, chưa hoàn thành | Chưa có kinh nghiệm với dịch vụ đám mây, Docker hay công cụ tự động hóa cấu hình | Chưa từng làm dự án thương mại điện tử hay hệ thống có lượng truy cập lớn như công ty yêu cầu","Ứng viên mới ra trường nhưng đã tự thực hành khá nhiều: dựng máy chủ thật, cấu hình mạng và giám sát hệ thống, nên nền tảng đủ để bắt đầu ngay. Điểm trừ là kinh nghiệm doanh nghiệp mới ở mức hỗ trợ máy trạm, chưa vận hành hệ thống chạy thật, nên tôi hạ nhẹ xuống 82. Phù hợp với vị trí tuyển người ít kinh nghiệm."
cv_synthetic_jd_0043_poor_fit,synthetic_jd_0043,System Administrator,poor_fit,0.183,0.309,1.0,41.9,0.5,0.25,0.25,0.0,2,17,48.0,"Có bằng đại học, cao hơn mức bằng cấp tối thiểu của vị trí | Có gần 2 năm đi làm, quen phối hợp nhóm và đảm bảo tiến độ công việc | Biết dùng Git ở mức cơ bản qua môn học thiết kế web","Không có kiến thức nào về quản trị hệ thống: chưa từng dùng Linux, Windows Server hay Active Directory | Không nắm kiến thức mạng bắt buộc (TCP/IP, DNS, DHCP, VPN, tường lửa, VLAN) | Không biết viết script tự động hóa hay thao tác dòng lệnh trên máy chủ | Kinh nghiệm 1.9 năm là ở mảng thiết kế truyền thông, không liên quan đến vận hành hệ thống","Ứng viên làm thiết kế đồ họa, chưa có kiến thức nào về quản trị máy chủ và mạng máy tính — nội dung chính của công việc, kể cả ở mức mới ra trường. Điểm máy chấm đang bị đẩy lên bởi bằng cấp và số năm làm ở ngành khác, nên tôi hạ xuống 48. Hồ sơ không phù hợp."
cv_synthetic_jd_0044_good_fit,synthetic_jd_0044,Cloud Engineer,good_fit,0.521,0.449,1.0,65.4,0.55,0.15,0.3,0.0,3,13,88.0,"Đã thực tập thật 6 tháng đúng mảng hạ tầng: cấu hình máy chủ, lưu trữ trên đám mây và giám sát hệ thống | Đáp ứng toàn bộ nhóm kỹ năng ưu tiên, gồm cả chứng chỉ AWS Cloud Practitioner mà công ty mong muốn | Đã viết script tự động sao lưu dữ liệu giúp giảm 70% thời gian thao tác thủ công | Có dự án mô phỏng hạ tầng máy chủ game trên đám mây — đúng lĩnh vực công ty đang vận hành","Kiến thức mạng máy tính (TCP/IP, DNS, tường lửa) chưa được thể hiện rõ trong hồ sơ | Kinh nghiệm với Kubernetes và Terraform mới ở mức cơ bản | Chưa từng vận hành hệ thống có lượng người dùng lớn như quy mô hàng chục triệu người chơi của công ty | Chưa có kinh nghiệm làm việc ở môi trường tập đoàn đa quốc gia","So với yêu cầu tuyển người mới ra trường, ứng viên chuẩn bị rất tốt: đã thực tập đúng mảng hạ tầng đám mây, có chứng chỉ và còn tự làm dự án mô phỏng máy chủ game đúng ngành. Tôi nâng lên 88 vì các dự án và chứng chỉ này chưa được máy chấm tính đủ. Nên mời phỏng vấn."
cv_synthetic_jd_0044_poor_fit,synthetic_jd_0044,Cloud Engineer,poor_fit,0.181,0.35,1.0,45.2,0.55,0.15,0.3,0.0,3,13,43.0,"Có bằng đại học, đáp ứng yêu cầu bằng cấp của vị trí | Biết dùng Git ở mức cơ bản để quản lý phiên bản tệp | Có thái độ cầu tiến, muốn tìm hiểu thêm về công nghệ","Không biết Linux, Python hay Bash — ba kỹ năng bắt buộc và cơ bản nhất của vị trí | Không có kiến thức nào về mạng máy tính hay điện toán đám mây, chưa từng dùng AWS/GCP/Azure | Chưa có bất kỳ dự án hay đồ án nào liên quan đến hạ tầng, vận hành hệ thống | Kinh nghiệm 6 tháng là ở mảng thiết kế đồ họa, hoàn toàn không liên quan","Ứng viên là người làm thiết kế đồ họa, chưa có kiến thức nền nào về hệ thống máy chủ hay điện toán đám mây — trong khi đây là toàn bộ nội dung công việc kể cả ở mức mới ra trường. Tôi hạ xuống 43 vì điểm bằng cấp đang kéo điểm tổng lên cao hơn thực tế. Hồ sơ không phù hợp."
cv_synthetic_jd_0045_good_fit,synthetic_jd_0045,System Administrator,good_fit,0.864,0.575,1.0,84.7,0.5,0.2,0.3,0.0,2,14,90.0,"Đúng chuyên ngành mạng máy tính và có chứng chỉ CompTIA Network+ mà công ty ưu tiên | Đã thực tập 6 tháng thật, trực tiếp vận hành khoảng 15 máy chủ ảo hóa và xử lý 5-10 yêu cầu hỗ trợ mỗi ngày | Đã làm thật việc sao lưu, kiểm tra khôi phục dữ liệu — rất quan trọng với hệ thống dữ liệu y tế của công ty | Sẵn sàng làm việc theo ca, đúng yêu cầu trực hỗ trợ hệ thống 24/7 của vị trí","Chưa có kinh nghiệm với hệ thống quản lý dữ liệu y tế và các quy định bảo mật ngành y | Chưa từng dùng dịch vụ đám mây AWS/Azure mà công ty coi là điểm cộng | Kỹ năng viết script tự động hóa mới ở mức cơ bản | Chưa biết tiếng Nhật hoặc tiếng Hàn, có thể hạn chế khi làm với đội ngũ ở Mỹ và Nhật","Ứng viên mới ra trường nhưng đã thực tập đúng nghề với khối lượng công việc thật đáng kể, lại có chứng chỉ mạng và sẵn sàng trực ca — đúng những gì vị trí cần. Tôi nâng nhẹ lên 90 vì kinh nghiệm thực tập vận hành máy chủ thật chưa được máy chấm tính đủ. Rất phù hợp."
cv_synthetic_jd_0045_partial_fit,synthetic_jd_0045,System Administrator,partial_fit,0.713,0.554,1.0,76.7,0.5,0.2,0.3,0.0,2,14,80.0,"Đúng chuyên ngành quản trị mạng, nắm được phần lớn kiến thức nền tảng vị trí yêu cầu | Đã thực hành cấu hình miền, phân quyền người dùng trong môi trường ảo hóa qua đồ án | Đã tự dựng phòng lab tại nhà để thực hành giám sát hệ thống và sao lưu dữ liệu | Cẩn thận, chịu khó tìm hiểu và có tinh thần trách nhiệm","Chỉ có 3 tháng thực tập ở vị trí hỗ trợ người dùng, chưa từng vận hành máy chủ chạy thật | Kiến thức phần lớn ở mức lý thuyết và phòng lab, chính ứng viên cũng ghi nhận điều này | Chưa từng làm với hệ thống dữ liệu chuyên biệt hay theo chuẩn bảo mật ngành y tế | Chứng chỉ CCNA mới đang ôn thi, chưa hoàn thành","Ứng viên có nền tảng lý thuyết đúng ngành và chịu khó tự thực hành ở nhà, nhưng kinh nghiệm thực tế còn rất mỏng — mới 3 tháng hỗ trợ máy trạm chứ chưa vận hành máy chủ thật. Với đặc thù dữ liệu y tế đòi hỏi độ cẩn trọng cao, tôi hạ xuống 80. Vẫn có thể cân nhắc nếu công ty có kèm cặp kỹ."
cv_synthetic_jd_0046_partial_fit,synthetic_jd_0046,Data Analyst,partial_fit,0.489,0.48,1.0,64.1,0.5,0.2,0.3,0.0,3,7,74.0,"Đã thực tập thật ở vị trí phân tích kinh doanh, làm việc với dữ liệu bán hàng và lập báo cáo định kỳ | Biết viết truy vấn dữ liệu cơ bản và thành thạo Excel nâng cao — hai kỹ năng bắt buộc quan trọng nhất | Có kiến thức thống kê mô tả từ môn học và đã áp dụng vào đồ án tốt nghiệp phân tích hành vi khách hàng | Kỹ năng trình bày báo cáo tốt, đã từng báo cáo kết quả phân tích hằng tuần cho quản lý","Chưa biết Python hay R để xử lý dữ liệu quy mô lớn hơn Excel | Chưa dùng Power BI hoặc Tableau trong dự án thật, mới chỉ quen Google Data Studio | Không có kiến thức về ngành game và cơ chế kiếm tiền trong game — đặc thù công ty | Chưa từng làm thử nghiệm A/B hay phân tích phễu chuyển đổi","Ứng viên có nền tảng phân tích dữ liệu cơ bản và đã thực tập đúng hướng, đủ để bắt đầu ở vị trí mới ra trường. Tuy nhiên chưa biết công cụ nâng cao và hoàn toàn chưa tiếp xúc với ngành game, nên tôi hạ xuống 74. Có thể cân nhắc nếu công ty chấp nhận đào tạo về đặc thù ngành."
cv_synthetic_jd_0046_poor_fit,synthetic_jd_0046,Data Analyst,poor_fit,0.363,0.302,1.0,54.2,0.5,0.2,0.3,0.0,3,7,61.0,"Tiếng Anh rất tốt (TOEIC 850, IELTS 6.5), thuận lợi khi đọc tài liệu kỹ thuật | Kỹ năng viết và trình bày báo cáo xuất sắc, rất hữu ích khi cần diễn giải kết quả phân tích | Có 3.1 năm kinh nghiệm đi làm, quen với deadline và phối hợp nhiều bộ phận | Đã có thói quen tổng hợp số liệu tương tác bằng Excel để báo cáo hằng tuần","Không biết SQL — kỹ năng bắt buộc quan trọng nhất của vị trí phân tích dữ liệu | Excel mới ở mức cơ bản, chưa dùng được pivot table và các hàm thống kê mà công việc yêu cầu | Không có kiến thức thống kê mô tả hay kinh nghiệm làm sạch, xử lý dữ liệu | Chưa có bất kỳ đồ án hay dự án nào về phân tích dữ liệu, không am hiểu ngành game","Ứng viên là biên tập viên nội dung với tiếng Anh và kỹ năng viết rất tốt, nhưng chưa có kỹ năng kỹ thuật nào của nghề phân tích dữ liệu. Máy chấm cho điểm rất cao do nhầm kỹ năng nghiên cứu, tổng hợp thông tin với phân tích dữ liệu chuyên môn, nên tôi hạ xuống 61. Hồ sơ chưa phù hợp."
cv_synthetic_jd_0047_good_fit,synthetic_jd_0047,AI Engineer,good_fit,0.862,0.637,1.0,85.2,0.55,0.2,0.25,0.0,3,13,96.0,"Đáp ứng 100% kỹ năng bắt buộc và phần lớn kỹ năng ưu tiên, hiếm gặp ở ứng viên mới ra trường | Đã có 1.1 năm làm thật: xây mô hình phát hiện gian lận giao dịch đạt F1-score 0.84 — đúng bài toán công ty đang làm | Đã triển khai chatbot dựa trên tài liệu nội bộ bằng kỹ thuật RAG, trùng khớp với sản phẩm trợ lý ảo tư vấn bảo hiểm | Khóa luận tốt nghiệp về chấm điểm rủi ro tín dụng, rất gần với bài toán định giá rủi ro bảo hiểm","Chưa có kinh nghiệm với dịch vụ đám mây AWS/GCP/Azure để triển khai mô hình | Chưa có kiến thức nghiệp vụ bảo hiểm, dù công ty ghi rõ đây không bắt buộc | Chưa từng tham gia cuộc thi Kaggle hay AIVN mà công ty coi là điểm cộng","Hồ sơ khớp gần như hoàn hảo: ứng viên đã làm thật cả ba bài toán mà công ty cần là phát hiện gian lận, chấm điểm rủi ro và chatbot dựa trên tài liệu. Tôi nâng lên 96 vì mức độ trùng khớp của kinh nghiệm này vượt xa mặt bằng ứng viên cùng cấp. Nên liên hệ phỏng vấn ngay."
cv_synthetic_jd_0047_poor_fit,synthetic_jd_0047,AI Engineer,poor_fit,0.311,0.381,1.0,49.7,0.55,0.2,0.25,0.0,3,13,57.0,"Có 2.4 năm kinh nghiệm làm việc trong chính ngành bảo hiểm, hiểu nghiệp vụ hợp đồng và quy trình chăm sóc khách hàng | Đã dùng SPSS và Excel để phân tích dữ liệu khảo sát trong đồ án tốt nghiệp | Kỹ năng giao tiếp và thuyết trình tốt, từng đạt danh hiệu nhân viên xuất sắc | Chủ động tự học Python qua khóa online","Python mới dừng ở mức học cú pháp, chưa từng áp dụng vào dự án thực tế nào | Không có kiến thức về học máy: chưa biết các mô hình phân loại, hồi quy hay cách đánh giá mô hình | Chưa từng dùng Pandas, Scikit-learn, TensorFlow hay PyTorch — bộ công cụ bắt buộc của vị trí | Không biết SQL và chưa từng triển khai mô hình thành dịch vụ","Ứng viên hiểu nghiệp vụ bảo hiểm, đó là điểm cộng, nhưng hoàn toàn chưa có kỹ năng kỹ thuật nào của một kỹ sư trí tuệ nhân tạo. Máy chấm bị đẩy điểm lên vì tính cả 2.4 năm làm chăm sóc khách hàng, nên tôi hạ xuống 57. Hồ sơ chưa phù hợp với vị trí kỹ thuật này."
cv_synthetic_jd_0048_partial_fit,synthetic_jd_0048,Data Scientist,partial_fit,0.516,0.506,1.0,56.0,0.45,0.45,0.1,7.0,3,19,72.0,"5.2 năm kinh nghiệm đúng nghề khoa học dữ liệu, đã xây dựng nhiều mô hình chạy thật cho doanh nghiệp | Thành thạo Python và SQL nâng cao, có kinh nghiệm với dự báo theo thời gian và phân khúc khách hàng | Đã có kinh nghiệm trong ngành tài chính và bán lẻ — đúng lĩnh vực khách hàng của công ty | Kỹ năng giao tiếp với các bên liên quan tốt, đã làm việc trực tiếp với quản lý sản phẩm","Chỉ có 5.2 năm so với yêu cầu tối thiểu 7 năm, và chưa từng chính thức dẫn dắt nhóm — chính ứng viên cũng ghi nhận điểm này | Chưa có kinh nghiệm với công cụ xử lý dữ liệu lớn như Spark, Hadoop | Chưa từng làm với nền tảng học máy trên đám mây (AWS Sagemaker, GCP Vertex AI) | Kinh nghiệm triển khai mô hình lên môi trường chạy thật còn hạn chế, mới ở mức hỗ trợ","Ứng viên có chuyên môn tốt và đúng ngành, nhưng còn thiếu gần 2 năm kinh nghiệm và quan trọng hơn là chưa từng chính thức dẫn dắt nhóm — trong khi đây là yêu cầu cốt lõi của vị trí Lead. Mảng dữ liệu lớn và triển khai mô hình quy mô lớn cũng còn yếu, nên tôi hạ xuống 72. Có thể cân nhắc cho vị trí Senior thay vì Lead."
cv_synthetic_jd_0048_poor_fit,synthetic_jd_0048,Data Scientist,poor_fit,0.235,0.086,1.0,24.4,0.45,0.45,0.1,7.0,3,19,33.0,"Có bằng đại học, đáp ứng yêu cầu bằng cấp tối thiểu | Có 2 năm đi làm, quen với việc làm việc trực tiếp cùng khách hàng | Biết dùng Git ở mức cơ bản","Không biết Python, SQL hay bất kỳ công cụ phân tích dữ liệu nào — nền tảng bắt buộc của vị trí | Không có kiến thức về học máy, thống kê hay triển khai mô hình | Chỉ có 2 năm kinh nghiệm thiết kế so với yêu cầu 7 năm khoa học dữ liệu và 2 năm dẫn dắt nhóm | Chưa từng quản lý nhóm hay làm việc với các bên liên quan về mặt nghiệp vụ","Ứng viên làm thiết kế đồ họa, không có bất kỳ kỹ năng nào thuộc nhóm bắt buộc trong khi đây là vị trí cấp cao cần 7 năm kinh nghiệm và khả năng dẫn dắt đội. Tôi hạ xuống 33 vì điểm bằng cấp đang kéo điểm tổng lên cao hơn thực tế rất nhiều. Hồ sơ hoàn toàn không phù hợp."
cv_synthetic_jd_0049_good_fit,synthetic_jd_0049,Mobile Developer (iOS),good_fit,0.835,1.0,1.0,90.1,0.6,0.25,0.15,0.0,2,11,95.0,"Đáp ứng 100% kỹ năng bắt buộc và đã có 1.3 năm làm đúng vị trí lập trình iOS | Đã tự phát triển và phát hành một game hyper-casual, tích hợp quảng cáo và công cụ phân tích — đúng mảng game của công ty | Có kinh nghiệm thật tích hợp nhiều bộ công cụ bên thứ ba và đưa ứng dụng lên App Store | Đã quen quy trình làm việc chuyên nghiệp và có tiếng Anh đủ để đọc tài liệu kỹ thuật","Chưa có kinh nghiệm với Unity và việc tích hợp Unity vào ứng dụng iOS gốc — điểm cộng công ty mong muốn | Chưa từng làm cho khách hàng nước ngoài (Nhật, Hàn, Âu Mỹ) như đặc thù công ty gia công | Chưa có kinh nghiệm với hiệu ứng đồ họa nâng cao (Core Animation, Core Graphics) phục vụ game","Hồ sơ rất mạnh so với vị trí tuyển người ít kinh nghiệm: đủ toàn bộ kỹ năng bắt buộc, đã đi làm hơn 1 năm và còn tự phát hành được một game lên chợ ứng dụng. Tôi giữ điểm rất cao ở mức 95, chỉ trừ nhẹ vì chưa có kinh nghiệm với Unity. Nên ưu tiên phỏng vấn."
cv_synthetic_jd_0049_partial_fit,synthetic_jd_0049,Mobile Developer (iOS),partial_fit,0.69,0.634,1.0,72.2,0.6,0.25,0.15,0.0,2,11,82.0,"Có nền tảng Swift và UIKit tốt, đã thực tập 6 tháng làm ứng dụng iOS thật cho doanh nghiệp | Đồ án tốt nghiệp là một mini game dùng SpriteKit, cho thấy hứng thú và nền tảng ban đầu với mảng game | Có 3 dự án cá nhân hoàn chỉnh, gồm cả ứng dụng gọi dữ liệu từ máy chủ | Đọc hiểu tài liệu kỹ thuật tiếng Anh ở mức khá","Chưa từng tích hợp bộ công cụ quảng cáo hay mua hàng trong ứng dụng trong môi trường công việc thật — trong khi đây là việc chính của vị trí | Chưa từng đưa ứng dụng lên App Store thật, mới thử nghiệm trên tài khoản cá nhân | SwiftUI và kiến trúc MVVM mới ở mức tìm hiểu qua tài liệu, chưa áp dụng vào dự án | Dự án thực tập quy mô nhỏ, không liên quan đến game","Ứng viên có nền tảng lập trình iOS ổn và mini game trong đồ án là điểm cộng, nhưng chưa từng làm phần tích hợp quảng cáo và mua hàng — vốn là công việc hằng ngày của vị trí này. Kinh nghiệm đưa ứng dụng lên chợ cũng chưa có, nên tôi hạ xuống 82. Vẫn phù hợp với vị trí tuyển người ít kinh nghiệm."
cv_synthetic_jd_0050_partial_fit,synthetic_jd_0050,QA Engineer / Tester,partial_fit,0.545,0.474,1.0,69.4,0.5,0.15,0.35,0.0,2,11,76.0,"Đã học môn kiểm thử phần mềm và tự viết được 30+ test case trong đồ án nhóm | Có kinh nghiệm thực tế kiểm tra lỗi giao diện website trên nhiều trình duyệt trong kỳ thực tập | Đồ án tốt nghiệp vừa lập trình vừa tự kiểm thử, cho thấy hiểu cả hai phía | Cẩn thận, chú ý chi tiết — phẩm chất quan trọng nhất với vị trí này","Chưa từng dùng Jira, mới quen Trello — trong khi Jira là công cụ chính của công ty | Chưa từng thực hiện kiểm thử hồi quy trên dự án thật, một việc lặp lại mỗi 2 tuần ở vị trí này | Chưa biết SQL, Postman và chưa tìm hiểu kiểm thử tự động | Kinh nghiệm thực tập là ở vị trí hỗ trợ kỹ thuật chứ không phải kiểm thử chính thức","Ứng viên có nền tảng kiểm thử từ môn học và đã tự viết test case, đủ để bắt đầu ở vị trí mới ra trường. Điểm trừ là chưa dùng công cụ quản lý lỗi chuyên nghiệp và chưa có kinh nghiệm kiểm thử chính thức trong doanh nghiệp, nên tôi hạ xuống 76. Vẫn có thể cân nhắc."
cv_synthetic_jd_0050_poor_fit,synthetic_jd_0050,QA Engineer / Tester,poor_fit,0.243,0.308,1.0,51.8,0.5,0.15,0.35,0.0,2,11,58.0,"Đã quen dùng Trello và Notion để quản lý công việc theo nhóm | Kỹ năng giao tiếp, viết lách và làm việc nhóm tốt | Có bằng đại học, cao hơn mức bằng cấp tối thiểu vị trí yêu cầu | Biết HTML cơ bản, giúp hiểu phần nào cấu trúc trang web khi kiểm thử","Chưa biết gì về kiểm thử phần mềm: không nắm khái niệm test case, kiểm thử chức năng hay kiểm thử hồi quy | Chưa từng dùng Jira hay bất kỳ công cụ quản lý lỗi phần mềm nào | Chưa từng kiểm thử ứng dụng web trên nhiều trình duyệt | Toàn bộ 6 tháng kinh nghiệm là ở mảng marketing, không liên quan đến phần mềm","Ứng viên xuất thân marketing với kỹ năng mềm tốt, nhưng chưa có bất kỳ kiến thức nào về kiểm thử phần mềm — kể cả ở mức lý thuyết cơ bản. Máy chấm cho điểm khá vì các kỹ năng mềm trùng tên với yêu cầu, nên tôi hạ xuống 58. Hồ sơ chưa phù hợp với vị trí."
cv_synthetic_jd_0051_good_fit,synthetic_jd_0051,Mobile Developer (iOS),good_fit,0.727,0.616,1.0,80.6,0.5,0.15,0.35,0.0,3,10,93.0,"Đáp ứng 100% kỹ năng bắt buộc dù mới là sinh viên năm cuối | Đã cộng tác bán thời gian phát triển 2 màn hình cho ứng dụng bán hàng thật, có tham gia rà soát mã nguồn cùng người đi trước | Có 3 dự án cá nhân đa dạng, gồm cả ứng dụng gọi dữ liệu từ máy chủ và vẽ biểu đồ — đúng với sản phẩm hiển thị báo cáo của công ty | Sử dụng Git thành thạo cả phần xử lý xung đột, cho thấy đã quen làm việc nhóm","Chưa từng đưa ứng dụng lên TestFlight hay App Store | Chưa dùng Combine và Async/Await mà công ty coi là điểm cộng | Chưa từng tham gia hackathon hoặc cuộc thi lập trình | Không biết tiếng Nhật, trong khi công ty mẹ ở Tokyo","Sinh viên năm cuối nhưng chuẩn bị rất kỹ: đủ toàn bộ kỹ năng bắt buộc, đã làm việc thật với người hướng dẫn và có sản phẩm cá nhân đúng hướng hiển thị dữ liệu. Tôi giữ điểm cao ở mức 93, chỉ trừ nhẹ vì chưa từng phát hành ứng dụng thật. Rất phù hợp cho vị trí thực tập."
cv_synthetic_jd_0051_partial_fit,synthetic_jd_0051,Mobile Developer (iOS),partial_fit,0.705,0.795,1.0,82.2,0.5,0.15,0.35,0.0,3,10,80.0,"Nền tảng lập trình di động vững qua Android, đã thực tập thật 3 tháng và làm được tính năng hoàn chỉnh | Đã quen quy trình làm việc nhóm chuyên nghiệp: tạo nhánh, gửi yêu cầu ghép mã, xử lý xung đột | Có kiến thức lập trình hướng đối tượng và cấu trúc dữ liệu tốt, dễ chuyển sang nền tảng mới | Đã tự làm một ứng dụng iOS đơn giản để làm quen với Swift và UIKit","Kinh nghiệm iOS mới ở mức tự học và một bài tập nhỏ, phần lớn kinh nghiệm là Android | Chưa dùng URLSession/Alamofire trên iOS, mới quen Retrofit bên Android | SwiftUI và UIKit đều mới ở mức tìm hiểu, chưa làm dự án thật | Chưa từng đưa ứng dụng lên App Store và chưa biết tiếng Nhật","Ứng viên có nền tảng lập trình di động tốt nhưng chủ yếu ở Android, phần iOS mới đang tự học nên chưa đủ chắc. Với vị trí thực tập iOS thì vẫn có thể theo được nhưng cần thời gian làm quen, nên tôi hạ xuống 80. Có thể cân nhắc nếu công ty chấp nhận đào tạo chuyển nền tảng."
cv_synthetic_jd_0052_good_fit,synthetic_jd_0052,Frontend Developer,good_fit,0.84,0.679,1.0,86.4,0.55,0.15,0.3,0.0,2,10,90.0,"Đã thực tập 4 tháng đúng vị trí, làm giao diện cho hệ thống quản lý bán hàng nội bộ bằng ReactJS | Có 3 dự án cá nhân, trong đó một website thương mại điện tử demo hoàn chỉnh — đúng lĩnh vực công ty đang làm | Đáp ứng gần hết nhóm kỹ năng ưu tiên: NextJS, TypeScript, Tailwind CSS, gọi dữ liệu qua API | Đã quen chuyển thiết kế Figma thành mã nguồn và làm việc theo quy trình sprint 2 tuần","Kinh nghiệm mới ở mức thực tập 4 tháng, chưa làm toàn thời gian | Chưa dùng các thư viện giao diện Ant Design hay Material UI mà công ty nhắc tới | Chưa từng làm dự án cho khách hàng nước ngoài như đặc thù công ty gia công | Tiếng Anh mới ở mức đọc tài liệu, chưa chứng minh khả năng họp trực tiếp","Hồ sơ rất phù hợp với vị trí tuyển người mới ra trường: đã thực tập đúng công việc, có sản phẩm thương mại điện tử để chứng minh và biết luôn các công nghệ nâng cao. Tôi nâng nhẹ lên 90 vì bộ dự án cá nhân rất sát với lĩnh vực của công ty. Nên mời phỏng vấn."
cv_synthetic_jd_0052_poor_fit,synthetic_jd_0052,Frontend Developer,poor_fit,0.254,0.3,1.0,48.5,0.55,0.15,0.3,0.0,2,10,48.0,"Có kỹ năng phân tích và xử lý số liệu tốt qua Excel nâng cao, SPSS và R | Có bằng đại học, cao hơn mức bằng cấp tối thiểu vị trí yêu cầu | Đã đi làm 1.5 năm, quen với việc lập kế hoạch và báo cáo định kỳ","Không biết HTML, CSS hay JavaScript — ba kỹ năng nền tảng bắt buộc của lập trình giao diện web | Chưa từng dùng ReactJS, cũng không có sản phẩm demo hay đồ án nào về giao diện web | Chưa từng chuyển thiết kế thành mã nguồn hay làm giao diện hiển thị trên nhiều thiết bị | Toàn bộ kinh nghiệm là ở lĩnh vực nông nghiệp, không liên quan đến lập trình","Ứng viên tốt nghiệp ngành nông học và làm kỹ thuật nông nghiệp, chưa có kỹ năng lập trình web nào trong khi đây là toàn bộ nội dung công việc. Máy chấm cho điểm kinh nghiệm cao vì tính cả thời gian làm ở ngành khác, nên tôi hạ xuống 48. Hồ sơ không phù hợp."
cv_synthetic_jd_0053_partial_fit,synthetic_jd_0053,Mobile Developer (iOS),partial_fit,0.795,0.787,1.0,86.6,0.5,0.15,0.35,0.0,3,12,82.0,"Có nền tảng lập trình di động thật qua Android, đã thực tập 3 tháng làm tính năng giỏ hàng và thanh toán | Đã tự học Swift và làm được một ứng dụng iOS nhỏ để luyện vòng đời màn hình | Nắm chắc lập trình hướng đối tượng, cách gọi dữ liệu từ máy chủ và xử lý dữ liệu trả về | Đã quen quy trình làm việc theo sprint và biết viết kiểm thử đơn vị cơ bản","Kinh nghiệm iOS mới ở mức tự học khoảng 2 tháng, chưa làm dự án thật | Chưa dùng UIKit hay Storyboard nhiều, phần lớn kinh nghiệm giao diện là bên Android | Chưa có dự án iOS trên GitHub đủ mạnh và chưa từng đưa ứng dụng lên chợ | Chưa dùng các thư viện phổ biến của iOS như Alamofire, Kingfisher mà công ty nhắc tới","Ứng viên đã có kinh nghiệm lập trình di động thật ở Android và đang chủ động chuyển sang iOS, nền tảng đủ để theo kịp vị trí thực tập. Điểm trừ là phần iOS mới học khoảng 2 tháng nên chưa vững, tôi hạ xuống 82. Vẫn là hồ sơ khá cho vị trí thực tập."
cv_synthetic_jd_0053_poor_fit,synthetic_jd_0053,Mobile Developer (iOS),poor_fit,0.269,0.411,1.0,54.6,0.5,0.15,0.35,0.0,3,12,54.0,"Có bằng đại học, đáp ứng yêu cầu bằng cấp của vị trí | Có tư duy phân tích số liệu cơ bản và kỹ năng làm việc nhóm tốt | Đã đi làm 1 năm, quen với deadline và xử lý tình huống với khách hàng | Chủ động tự học lập trình web cơ bản ngoài chuyên ngành chính","Không biết Swift, chưa từng dùng Xcode hay lập trình ứng dụng iOS — nội dung chính của công việc | Không có bất kỳ dự án hay đồ án nào về ứng dụng di động, chỉ có landing page HTML/CSS | Chưa nắm kiến thức lập trình hướng đối tượng và cách gọi dữ liệu từ máy chủ | Toàn bộ kinh nghiệm là ở mảng bán hàng và nhập liệu, không liên quan đến phát triển phần mềm","Ứng viên học quản trị kinh doanh và chưa có nền tảng lập trình di động nào, dù có tự học chút ít về web. Máy chấm cho điểm khá do tính cả bằng cấp và một năm đi làm ở ngành khác, nên tôi hạ xuống 54. Chưa phù hợp kể cả với vị trí thực tập."
cv_synthetic_jd_0054_partial_fit,synthetic_jd_0054,Mobile Developer (Android),partial_fit,0.749,0.472,1.0,78.3,0.55,0.15,0.3,0.0,2,10,82.0,"Nắm được gần đủ kỹ năng bắt buộc: Java, các thành phần Android cơ bản, dựng giao diện XML và dùng Git | Có 3 dự án cá nhân/đồ án về Android, trong đó đồ án tốt nghiệp là ứng dụng quản lý chi tiêu hoàn chỉnh | Đã chủ động luyện tập kiến trúc MVVM và thư viện Room qua dự án tự học | Đã có 2 tháng thực tập ngắn hạn tại startup, biết quy trình sửa lỗi theo hướng dẫn","Kinh nghiệm thực tế rất mỏng, chỉ 2 tháng thực tập ngắn hạn và chỉ sửa lỗi giao diện | Kotlin mới ở mức cơ bản qua tự học, trong khi đây là ngôn ngữ được ưu tiên hiện nay | Kinh nghiệm gọi dữ liệu từ máy chủ mới ở mức cơ bản, chưa làm dự án quy mô lớn | Chưa có kiến thức về nghiệp vụ logistics mà công ty đang triển khai","Ứng viên có nền tảng Android khá tốt cho một người mới ra trường, đặc biệt là bộ dự án cá nhân đầy đủ chứng minh được năng lực thực hành. Điểm trừ là kinh nghiệm doanh nghiệp mới 2 tháng và Kotlin còn yếu, nên tôi hạ nhẹ xuống 82. Phù hợp với vị trí tuyển người mới."
cv_synthetic_jd_0054_poor_fit,synthetic_jd_0054,Mobile Developer (Android),poor_fit,0.362,0.3,1.0,54.4,0.55,0.15,0.3,0.0,2,10,60.0,"Đã đi làm 1.5 năm trong môi trường liên quan đến website, quen phối hợp với bộ phận marketing | Biết HTML, CSS, JavaScript cơ bản và cơ sở dữ liệu MySQL ở mức nhập môn | Biết dùng Git để quản lý mã nguồn | Có bằng cao đẳng đúng mức yêu cầu và tinh thần tự học tốt","Không biết Kotlin hay Java, chưa từng lập trình Android — toàn bộ nội dung công việc | Không nắm các thành phần cơ bản của Android và cách dựng giao diện bằng XML | Không có đồ án hay dự án cá nhân nào về ứng dụng di động | Kinh nghiệm chủ yếu là cập nhật nội dung website WordPress, không phải lập trình","Ứng viên có nền tảng web cơ bản nhưng chưa từng lập trình ứng dụng di động, trong khi đây là toàn bộ công việc kể cả ở mức mới ra trường. Máy chấm nhầm kỹ năng web với kỹ năng Android nên cho điểm cao, tôi hạ xuống 60. Hồ sơ chưa phù hợp."
cv_synthetic_jd_0055_partial_fit,synthetic_jd_0055,DevOps Engineer,partial_fit,0.641,0.491,1.0,70.1,0.55,0.2,0.25,0.0,2,16,76.0,"Đã thực tập 6 tháng quản trị máy chủ thật, viết script tự động sao lưu và cảnh báo dung lượng đĩa | Nắm chắc Docker và đã tự xây dựng quy trình triển khai tự động cho ứng dụng cá nhân trên máy chủ thuê | Có đồ án tốt nghiệp về giám sát tài nguyên máy chủ dùng đúng bộ công cụ Prometheus và Grafana mà công ty yêu cầu | Có nền tảng Linux và lập trình script tốt, đúng hướng phát triển của vị trí",Chưa từng vận hành hệ thống chạy thật quy mô lớn hay trực hỗ trợ 24/7 — chính ứng viên cũng ghi nhận điều này | Chưa có kinh nghiệm với dịch vụ đám mây AWS mà công ty đang dùng | Chưa biết Ansible và chưa từng làm với hệ thống thu thập log tập trung | Chưa có kinh nghiệm với hệ thống phân tán nhiều chi nhánh như đặc thù doanh nghiệp logistics,"Ứng viên mới ra trường nhưng đã tự thực hành khá bài bản: dựng quy trình triển khai tự động, viết script và giám sát hệ thống bằng đúng công cụ công ty dùng. Điểm thiếu là chưa có kinh nghiệm với đám mây và hệ thống chạy thật quy mô lớn, nên tôi giữ ở mức 76. Đáng cân nhắc cho vị trí tuyển người mới."
cv_synthetic_jd_0055_poor_fit,synthetic_jd_0055,DevOps Engineer,poor_fit,0.176,0.451,1.0,43.7,0.55,0.2,0.25,0.0,2,16,43.0,"Có 2.5 năm kinh nghiệm làm việc tự do, quen tự quản lý tiến độ nhiều việc cùng lúc | Có bằng đại học, cao hơn mức bằng cấp tối thiểu vị trí yêu cầu | Biết dùng Git ở mức cơ bản để quản lý tệp","Không biết Linux ở mức sử dụng được — mới chỉ xem video hướng dẫn, trong khi đây là nền tảng bắt buộc | Không biết Docker, các công cụ triển khai tự động hay bất kỳ dịch vụ đám mây nào | Không biết viết script Bash hay Python để tự động hóa công việc | Toàn bộ kinh nghiệm là thiết kế đồ họa, không liên quan đến vận hành hệ thống","Ứng viên làm thiết kế đồ họa, chưa có bất kỳ kỹ năng kỹ thuật nào của nghề vận hành hệ thống, kể cả Linux ở mức cơ bản. Điểm máy chấm bị đẩy lên bởi bằng cấp và số năm đi làm ở ngành khác, nên tôi hạ xuống 43. Hồ sơ không phù hợp."
cv_synthetic_jd_0056_good_fit,synthetic_jd_0056,QA Engineer / Tester,good_fit,0.724,0.809,1.0,83.3,0.5,0.15,0.35,0.0,3,10,94.0,"Đã thực tập bán thời gian 6 tháng đúng nghề, viết hơn 150 test case dựa trên tài liệu yêu cầu thật | Đã dùng thành thạo cả Jira và TestRail — đúng bộ công cụ công ty đang sử dụng | Có kinh nghiệm kiểm thử module giỏ hàng, thanh toán, khuyến mãi — trùng khớp với dự án thương mại điện tử của công ty | Đã tự học viết kiểm thử tự động bằng Selenium và kiểm thử giao diện lập trình bằng Postman",Chưa có chứng chỉ ISTQB Foundation mà công ty ưu tiên | Chưa biết SQL để kiểm tra dữ liệu trực tiếp trong cơ sở dữ liệu | Chưa từng làm việc với tài liệu và khách hàng nước ngoài như đặc thù công ty gia công,"Hồ sơ thực tập rất mạnh: đã làm đúng nghề 6 tháng với khối lượng công việc lớn, dùng đúng bộ công cụ và đúng loại nghiệp vụ thương mại điện tử mà công ty đang triển khai. Tôi giữ điểm rất cao ở mức 94 vì gần như không có khoảng trống đáng kể. Nên nhận ngay."
cv_synthetic_jd_0056_partial_fit,synthetic_jd_0056,QA Engineer / Tester,partial_fit,0.647,0.486,1.0,74.6,0.5,0.15,0.35,0.0,3,10,84.0,"Nắm đủ toàn bộ kiến thức lý thuyết bắt buộc: quy trình phát triển, quy trình kiểm thử và phân biệt các loại kiểm thử | Đã tự viết hơn 50 test case trong đồ án môn học và thực hiện kiểm thử thủ công trên website demo | Đã tự học và thực hành kiểm thử giao diện lập trình bằng Postman | Tiếng Anh đọc hiểu tài liệu ở mức khá (IELTS 5.5), đủ cho tài liệu dự án nước ngoài","Jira mới ở mức thực hành trong bài tập, chưa dùng trong dự án thật — công ty còn dùng cả TestRail mà ứng viên chưa biết | Chưa có kinh nghiệm thực tế với kiểm thử tự động, mới chỉ đọc lý thuyết | Chưa từng làm việc trong môi trường dự án thương mại điện tử với nghiệp vụ phức tạp | Chưa có chứng chỉ ISTQB và chưa biết SQL để kiểm tra dữ liệu","Ứng viên có nền tảng lý thuyết kiểm thử đầy đủ và đã thực hành qua đồ án, hoàn toàn đủ cho vị trí thực tập. Điểm trừ là toàn bộ kinh nghiệm mới ở mức bài tập trên lớp, chưa làm dự án thật, nên tôi hạ nhẹ xuống 84. Phù hợp để nhận thực tập."
cv_synthetic_jd_0057_good_fit,synthetic_jd_0057,Database Administrator,good_fit,0.61,0.65,1.0,68.0,0.55,0.3,0.15,2.0,2,18,88.0,"4 năm kinh nghiệm quản trị cơ sở dữ liệu, vượt yêu cầu tối thiểu 2 năm và đúng cả MySQL lẫn PostgreSQL | Đã vận hành hệ thống cho nền tảng hơn 500.000 người dùng hoạt động hàng tháng — quy mô tương đương công ty | Có kinh nghiệm thật với nhân bản dữ liệu và cụm máy chủ chạy song song, giảm 40% thời gian dừng khi bảo trì | Đã tự động hóa sao lưu và giám sát bằng đúng bộ công cụ công ty đang dùng, có kinh nghiệm trực hỗ trợ ngoài giờ","Chưa có kinh nghiệm với dịch vụ cơ sở dữ liệu trên đám mây (AWS RDS, GCP Cloud SQL) mà công ty coi là điểm cộng | Chưa từng làm trong ngành giáo dục trực tuyến hay sản phẩm dịch vụ phần mềm quy mô lớn | Không biết tiếng Nhật, có thể hạn chế khi làm với đội ngũ tại Tokyo | Chưa dùng công cụ quản lý phiên bản cấu trúc dữ liệu (Flyway, Liquibase)","Ứng viên có kinh nghiệm rất sát với yêu cầu: đúng cả hai loại cơ sở dữ liệu, đã làm hệ thống quy mô lớn và thành thạo các kỹ thuật đảm bảo hệ thống chạy liên tục. Tôi nâng lên 88 vì kinh nghiệm vận hành thực tế này chưa được máy chấm tính đủ. Nên mời phỏng vấn."
cv_synthetic_jd_0057_partial_fit,synthetic_jd_0057,Database Administrator,partial_fit,0.475,0.65,1.0,60.6,0.55,0.3,0.15,2.0,2,18,76.0,"3.7 năm kinh nghiệm đúng nghề, vượt yêu cầu tối thiểu 2 năm | Thành thạo MySQL: đã tối ưu hơn 50 truy vấn chậm, giảm thời gian phản hồi từ 800ms xuống 200ms | Đã triển khai nhân bản dữ liệu để chia tải và tự động hóa sao lưu, giám sát bằng script | Chủ động tự dựng phòng lab PostgreSQL để bù đắp phần kinh nghiệm còn thiếu","PostgreSQL mới ở mức cơ bản, trong khi công ty dùng cả hai loại cơ sở dữ liệu như nhau | Chưa từng triển khai thật cụm máy chủ chạy song song (Master-Master, Galera Cluster) — chính ứng viên cũng ghi nhận điều này | Chưa có kinh nghiệm với dịch vụ cơ sở dữ liệu trên đám mây | Chưa từng làm trong ngành giáo dục trực tuyến hay hệ thống quy mô hàng triệu người dùng","Ứng viên có kinh nghiệm vững với MySQL và đủ số năm, nhưng PostgreSQL và phần cụm máy chủ chạy song song mới ở mức phòng lab. Với hệ thống phục vụ hơn 2 triệu học viên thì phần này khá quan trọng, nên tôi hạ nhẹ xuống 76. Vẫn đáng phỏng vấn nếu công ty chấp nhận đào tạo bổ sung."
cv_synthetic_jd_0058_good_fit,synthetic_jd_0058,QA Engineer / Tester,good_fit,0.749,0.83,1.0,80.7,0.5,0.4,0.1,4.0,3,17,94.0,"5.2 năm kinh nghiệm kiểm thử, đủ cả thủ công lẫn tự động, vượt yêu cầu tối thiểu 4 năm | Đã tự xây dựng hệ thống kiểm thử tự động từ đầu và tích hợp chạy tự động hằng đêm, giảm 40% thời gian kiểm thử lặp | Đã làm dự án cho khách hàng Nhật, Singapore và trao đổi trực tiếp bằng tiếng Anh — đúng đặc thù công ty gia công | Có kinh nghiệm ở cả hai lĩnh vực fintech và logistics mà công ty đang phục vụ","Chưa có kinh nghiệm kiểm thử ứng dụng di động và chưa dùng công cụ Appium | Chưa từng chính thức dẫn dắt nhân sự kiểm thử ít kinh nghiệm hơn, dù đã làm việc độc lập tốt | Chưa có chứng chỉ ISTQB cấp Advanced, mới ở mức Foundation | Chưa có kinh nghiệm kiểm thử bảo mật cơ bản mà công ty coi là điểm cộng","Hồ sơ rất sát yêu cầu: đủ số năm, tự dựng được hệ thống kiểm thử tự động từ con số 0 và đã quen làm việc trực tiếp với khách hàng nước ngoài — đúng ba điều quan trọng nhất của vị trí. Tôi nâng nhẹ lên 94 vì kinh nghiệm đúng ngành fintech, logistics chưa được tính đủ. Nên ưu tiên phỏng vấn."
cv_synthetic_jd_0058_poor_fit,synthetic_jd_0058,QA Engineer / Tester,poor_fit,0.323,0.239,1.0,35.7,0.5,0.4,0.1,4.0,3,17,45.0,"Có 1.8 năm kinh nghiệm lập trình chuyên nghiệp, hiểu cách sản phẩm được xây dựng | Đã quen dùng Jira và làm việc theo quy trình sprint cùng đội phát triển | Biết SQL cơ bản để kiểm tra dữ liệu | Có tinh thần muốn mở rộng sang mảng kiểm thử","Chưa từng làm kiểm thử chuyên nghiệp: không biết quy trình kiểm thử, chưa từng viết test plan hay test case | Chưa từng dùng công cụ quản lý kiểm thử (TestRail, Zephyr, Xray) mà vị trí yêu cầu | Không biết viết kiểm thử tự động bằng Selenium, Cypress hay Playwright | Chỉ có 1.8 năm kinh nghiệm so với yêu cầu tối thiểu 4 năm cho vị trí cấp cao","Đây là vị trí cấp cao cần người tự xây dựng quy trình và hệ thống kiểm thử tự động, nhưng ứng viên là lập trình viên giao diện chưa từng làm kiểm thử chuyên nghiệp. Việc kiểm tra giao diện bằng mắt không thay thế được kỹ năng kiểm thử bài bản, nên tôi hạ xuống 45. Hồ sơ không phù hợp."
cv_synthetic_jd_0059_good_fit,synthetic_jd_0059,Fullstack Developer,good_fit,0.776,0.564,1.0,81.1,0.55,0.15,0.3,0.0,3,16,92.0,"Nắm được cả phần giao diện lẫn xử lý phía máy chủ, đúng yêu cầu fullstack của vị trí | Đã cộng tác bán thời gian phát triển module quản lý sản phẩm thật, viết API kết nối cơ sở dữ liệu | Có 3 dự án đa dạng, trong đó một website thương mại điện tử hoàn chỉnh — đúng lĩnh vực của tập đoàn | Biết cả Java Spring Boot lẫn NodeJS, đáp ứng linh hoạt nhiều hướng công nghệ của công ty","Chưa dùng VueJS hay PHP Laravel mà mô tả công việc có nhắc tới | Kinh nghiệm mới ở mức cộng tác viên bán thời gian, chưa làm toàn thời gian trong doanh nghiệp | Chưa có dự án nào đã triển khai thật lên môi trường chạy công khai | Kiến thức Docker mới ở mức cơ bản","Hồ sơ rất tốt cho vị trí thực tập: đã làm được cả hai phía giao diện và máy chủ, có dự án thương mại điện tử đúng lĩnh vực tập đoàn và đã quen làm việc theo sprint. Tôi nâng nhẹ lên 92 vì bộ dự án khá đầy đủ so với mặt bằng sinh viên. Nên nhận thực tập."
cv_synthetic_jd_0059_poor_fit,synthetic_jd_0059,Fullstack Developer,poor_fit,0.304,0.474,1.0,53.8,0.55,0.15,0.3,0.0,3,16,58.0,"Có tư duy phân tích và xử lý dữ liệu tốt, biết Python ở mức xử lý và trực quan hóa dữ liệu | Biết SQL cơ bản, hữu ích khi làm việc với cơ sở dữ liệu | Đã có kinh nghiệm làm việc nhóm trong các đợt khảo sát có deadline chặt | Có bằng đại học đúng mức yêu cầu và tiếng Anh đọc hiểu tài liệu chuyên ngành","Không biết HTML, CSS, JavaScript hay bất kỳ framework giao diện nào — nền tảng bắt buộc của vị trí | Chưa từng lập trình phía máy chủ, không biết NodeJS, Java hay PHP | Chưa có dự án nào về lập trình web, toàn bộ là phân tích số liệu khảo sát | Chưa nắm kiến thức lập trình hướng đối tượng và cấu trúc dữ liệu ở mức lập trình phần mềm","Ứng viên học thống kê và có kỹ năng phân tích dữ liệu tốt, nhưng chưa từng lập trình web ở cả hai phía — đây lại là toàn bộ nội dung công việc. Máy chấm cho điểm cao vì Python và SQL trùng tên với yêu cầu, nên tôi hạ xuống 58. Hồ sơ phù hợp hơn với vị trí phân tích dữ liệu."
cv_synthetic_jd_0060_good_fit,synthetic_jd_0060,Embedded Software Engineer,good_fit,0.688,0.566,1.0,76.3,0.55,0.15,0.3,0.0,2,16,92.0,"Đúng chuyên ngành kỹ thuật máy tính, nắm gần đủ toàn bộ kỹ năng bắt buộc dù mới ra trường | Đã thực tập thật 3 tháng viết firmware cho module cảm biến và gỡ lỗi giao tiếp bằng thiết bị đo | Có 3 dự án thực hành với STM32 và ESP32, gồm cả đồ án tốt nghiệp dùng hệ điều hành thời gian thực đạt loại Giỏi | Đạt TOEIC 650, vượt mức 600 mà công ty ưu tiên cho việc đọc tài liệu và làm với khách nước ngoài","Chưa từng dùng Raspberry Pi mà mô tả công việc có nhắc tới | Chưa biết tiếng Nhật, trong khi công ty làm nhiều dự án cho khách hàng Nhật Bản | Chưa có kinh nghiệm với Linux nhúng và Yocto mà công ty coi là điểm cộng lớn | Kinh nghiệm thực tế mới 3 tháng thực tập, chưa làm dự án ô tô hay thiết bị y tế","Ứng viên mới ra trường nhưng nền tảng lập trình nhúng rất chắc: đúng chuyên ngành, đã thực tập viết firmware thật và có bộ đồ án phong phú với đúng dòng vi điều khiển công ty dùng. Tôi giữ điểm cao ở mức 92 vì đây là hồ sơ nổi bật so với mặt bằng sinh viên mới ra trường. Nên mời phỏng vấn."
cv_synthetic_jd_0060_poor_fit,synthetic_jd_0060,Embedded Software Engineer,poor_fit,0.17,0.305,1.0,43.9,0.55,0.15,0.3,0.0,2,16,52.0,"Có tư duy phân tích số liệu và kỹ năng làm báo cáo tốt qua Excel và Power BI | Có bằng đại học, cao hơn mức bằng cấp tối thiểu vị trí yêu cầu | Đã đi làm gần 1 năm, quen với deadline và làm việc nhóm","Không biết C hay C++ — hai ngôn ngữ bắt buộc và cơ bản nhất của lập trình nhúng | Chưa từng làm việc với vi điều khiển, mạch điện tử hay bất kỳ bo mạch nào | Không biết các chuẩn giao tiếp phần cứng và chưa từng dùng công cụ gỡ lỗi phần cứng | Toàn bộ kinh nghiệm là bán hàng và marketing, không liên quan đến kỹ thuật","Ứng viên học quản trị kinh doanh và chưa có nền tảng kỹ thuật nào về lập trình nhúng, trong khi vị trí này đòi hỏi biết lập trình C và làm việc với phần cứng ngay từ đầu. Điểm máy chấm bị đẩy lên bởi bằng cấp và số năm đi làm ở ngành khác, nên tôi hạ xuống 52. Hồ sơ không phù hợp."
cv_synthetic_jd_0061_partial_fit,synthetic_jd_0061,Fullstack Developer,partial_fit,0.709,0.466,1.0,70.6,0.55,0.25,0.2,0.5,2,16,82.0,"Nắm chắc phần giao diện web với ReactJS, TailwindCSS và thiết kế hiển thị đa thiết bị | Đã thực tập 6 tháng thật, tích hợp dữ liệu từ máy chủ vào giao diện cho hệ thống quản lý bán hàng | Có dự án cá nhân tự làm cả hai phía giao diện và máy chủ với xác thực người dùng | Đồ án tốt nghiệp có tích hợp bản đồ số, kỹ năng liên quan trực tiếp đến sản phẩm tra cứu bất động sản","Phần xử lý phía máy chủ mới ở mức cơ bản qua dự án cá nhân, chưa từng làm độc lập trong doanh nghiệp — chính ứng viên cũng ghi nhận điều này | Chưa biết PHP Laravel, một trong hai công nghệ máy chủ mà công ty đang dùng | Truy vấn cơ sở dữ liệu mới ở mức cơ bản, chưa xử lý được nghiệp vụ phức tạp như hệ thống quản lý khách hàng | Chưa có kiến thức về nghiệp vụ bất động sản","Ứng viên mạnh về giao diện web và đã thực tập thật, nhưng phần xử lý phía máy chủ còn mỏng trong khi vị trí này cần làm được cả hai. Với mức tuyển người ít kinh nghiệm thì vẫn chấp nhận được, tôi hạ nhẹ xuống 82. Công ty có mentor kèm 3 tháng đầu nên bạn có thể theo kịp."
cv_synthetic_jd_0061_poor_fit,synthetic_jd_0061,Fullstack Developer,poor_fit,0.301,0.359,1.0,45.5,0.55,0.25,0.2,0.5,2,16,59.0,"Có 2 năm kinh nghiệm làm việc trong môi trường công nghệ, quen xử lý sự cố và phối hợp nhóm IT | Biết viết script Bash và Python đơn giản, có tư duy logic tốt | Biết dùng Git để quản lý mã nguồn và tài liệu cấu hình | Đúng mức bằng cấp cao đẳng mà vị trí yêu cầu","Không biết JavaScript, ReactJS hay bất kỳ công nghệ giao diện web nào — nền tảng bắt buộc của vị trí | Chưa từng lập trình phía máy chủ, không biết NodeJS hay PHP Laravel | Không có kinh nghiệm với cơ sở dữ liệu ở mức thiết kế và truy vấn cho ứng dụng web | Toàn bộ kinh nghiệm là quản trị mạng và hỗ trợ kỹ thuật, không phải phát triển phần mềm","Ứng viên làm quản trị mạng và hỗ trợ kỹ thuật, chưa từng lập trình ứng dụng web trong khi đây là toàn bộ nội dung công việc. Máy chấm cho điểm khá vì các kỹ năng công nghệ chung trùng tên, nên tôi hạ xuống 59. Hồ sơ không phù hợp với vị trí lập trình."
cv_synthetic_jd_0062_good_fit,synthetic_jd_0062,Database Administrator,good_fit,0.794,0.485,1.0,79.4,0.5,0.2,0.3,0.0,2,10,91.0,"Đáp ứng 100% kỹ năng bắt buộc: thành thạo SQL, hiểu chuẩn hóa dữ liệu và biết dùng đủ ba công cụ quản trị | Đã thực tập 6 tháng thật, trực tiếp sao lưu dữ liệu và viết truy vấn xuất báo cáo cho phòng kế toán | Đồ án tốt nghiệp thiết kế cơ sở dữ liệu 15 bảng chuẩn hóa 3NF, có viết cả thủ tục lưu trữ | Đã có kiến thức nền tảng về hệ thống quản lý sản xuất — đúng môi trường nhà máy của công ty","Chưa biết dòng lệnh Linux, trong khi phần lớn máy chủ chạy trên nền tảng này | Chưa có chứng chỉ chuyên môn về cơ sở dữ liệu mà công ty coi là điểm cộng | Không biết tiếng Nhật hoặc tiếng Hàn, có thể hạn chế khi làm với đội ngũ kỹ sư nước ngoài | Chưa có kinh nghiệm thực tế với mô hình dữ liệu sản xuất (truy xuất nguồn gốc, kế hoạch sản xuất)","Hồ sơ rất phù hợp cho vị trí tuyển người mới: đủ toàn bộ kỹ năng bắt buộc, đã thực tập đúng nghề và đồ án tốt nghiệp cho thấy hiểu sâu về thiết kế cơ sở dữ liệu. Tôi giữ điểm cao ở mức 91, chỉ trừ nhẹ vì chưa biết dòng lệnh Linux. Nên mời phỏng vấn."
cv_synthetic_jd_0062_poor_fit,synthetic_jd_0062,Database Administrator,poor_fit,0.271,0.324,1.0,50.0,0.5,0.2,0.3,0.0,2,10,61.0,"Có bằng cao đẳng đúng mức yêu cầu của vị trí | Cẩn thận, biết quản lý thời gian và làm việc nhóm theo tiến độ | Biết dùng Git và Trello ở mức cơ bản để phối hợp công việc","Không biết SQL — kỹ năng bắt buộc và cơ bản nhất của công việc quản trị cơ sở dữ liệu | Chưa từng dùng SQL Server, MySQL hay bất kỳ công cụ quản trị cơ sở dữ liệu nào | Không nắm các khái niệm nền tảng như khóa chính, khóa ngoại, chỉ mục hay chuẩn hóa dữ liệu | Toàn bộ kinh nghiệm là thiết kế đồ họa, không liên quan đến hệ thống dữ liệu","Ứng viên làm thiết kế đồ họa, chưa có kiến thức nào về cơ sở dữ liệu kể cả ở mức nhập môn — trong khi đây là toàn bộ công việc. Máy chấm bị đẩy điểm lên bởi bằng cấp và các kỹ năng mềm, nên tôi hạ xuống 61. Hồ sơ không phù hợp."
cv_synthetic_jd_0063_partial_fit,synthetic_jd_0063,Data Scientist,partial_fit,0.637,0.547,1.0,73.2,0.55,0.15,0.3,0.0,3,9,80.0,"Nền tảng toán và thống kê rất chắc nhờ học đúng chuyên ngành Kinh tế - Toán, đúng yêu cầu của công việc | Thành thạo Python cùng các thư viện xử lý dữ liệu và đã tự học thư viện học máy qua khóa online | Có 2 dự án thực chất: dự đoán giá nhà đạt R² 0.78 và phân nhóm khách hàng theo hành vi mua sắm | Đã làm trợ giảng môn Xác suất Thống kê, cho thấy hiểu sâu và biết diễn giải kiến thức","Chỉ làm với dữ liệu quy mô nhỏ dưới 50.000 dòng, chưa từng xử lý dữ liệu vận hành thực tế lớn — chính ứng viên cũng ghi nhận điều này | Chưa có kinh nghiệm với dữ liệu chuỗi thời gian hay bài toán tối ưu hóa, vốn là hai bài toán chính của ngành logistics | Chưa biết học sâu và chưa từng dùng dịch vụ đám mây | Chưa từng tham gia cuộc thi Kaggle và chưa quen quy trình triển khai mô hình","Ứng viên có nền tảng thống kê và học máy cơ bản tốt, đủ để bắt đầu ở vị trí thực tập. Điểm thiếu là chưa từng làm với dữ liệu quy mô lớn và chưa có kinh nghiệm với bài toán dự báo theo thời gian mà công ty logistics cần, nên tôi hạ nhẹ xuống 80. Vẫn phù hợp cho vị trí thực tập."
cv_synthetic_jd_0063_poor_fit,synthetic_jd_0063,Data Scientist,poor_fit,0.277,0.443,1.0,51.9,0.55,0.15,0.3,0.0,3,9,68.0,"Có 2 năm đi làm, quen với việc theo dõi tiến độ và làm việc nhóm | Đã dùng Excel để tổng hợp và trực quan hóa số liệu khảo sát 120 phản hồi | Biết dùng Git và Trello ở mức cơ bản | Có bằng đại học, đáp ứng yêu cầu bằng cấp","Python mới ở mức tìm hiểu sơ qua, chưa từng dùng để xử lý dữ liệu thực tế | Không có kiến thức về học máy, chưa biết các mô hình hồi quy, phân loại hay phân cụm | Không biết SQL và chưa từng dùng thư viện xử lý dữ liệu như Pandas hay Scikit-learn | Toàn bộ kinh nghiệm và đồ án là ở mảng thiết kế đồ họa, không liên quan đến khoa học dữ liệu","Ứng viên học thiết kế đồ họa và chưa có nền tảng lập trình hay học máy nào, dù đã dùng Excel để phân tích khảo sát cơ bản. Máy chấm nhầm việc dùng Excel với kỹ năng xử lý dữ liệu chuyên nghiệp nên cho điểm cao, tôi hạ xuống 68. Chưa phù hợp kể cả với vị trí thực tập."
cv_synthetic_jd_0064_partial_fit,synthetic_jd_0064,Fullstack Developer,partial_fit,0.694,0.503,1.0,75.7,0.55,0.15,0.3,0.0,2,16,82.0,"Nắm được gần đủ kỹ năng bắt buộc và thành thạo ReactJS — công nghệ giao diện chính của công ty | Đã thực tập thật 3 tháng, dùng Git theo quy trình nhóm với yêu cầu ghép mã và rà soát mã nguồn | Đồ án tốt nghiệp là ứng dụng web hoàn chỉnh tự làm cả hai phía, có xác thực người dùng | Có tinh thần chủ động học hỏi và làm việc nhóm tốt","Phần xử lý phía máy chủ mới ở mức cơ bản qua khóa học online, chưa làm độc lập trong doanh nghiệp | Không biết Java Spring Boot — chính ứng viên cũng ghi nhận đây là điểm yếu | Truy vấn cơ sở dữ liệu mới ở mức câu lệnh cơ bản, chưa xử lý nghiệp vụ phức tạp như hệ thống ngân hàng | Chưa có kiến thức về bảo mật ứng dụng và chưa từng làm trong lĩnh vực tài chính - ngân hàng","Ứng viên có nền tảng lập trình web đủ tốt cho vị trí tuyển người mới ra trường, đặc biệt là phần giao diện. Điểm trừ là phần xử lý phía máy chủ còn mỏng và chưa có kiến thức bảo mật — khá quan trọng với sản phẩm ngân hàng, nên tôi hạ nhẹ xuống 82. Vẫn đáng cân nhắc."
cv_synthetic_jd_0064_poor_fit,synthetic_jd_0064,Fullstack Developer,poor_fit,0.511,0.445,1.0,64.8,0.55,0.15,0.3,0.0,2,16,73.0,"Biết HTML, CSS và JavaScript cơ bản, có thể dựng được giao diện tĩnh đơn giản | Có kỹ năng thiết kế giao diện tốt qua Figma, hữu ích khi phối hợp với nhóm thiết kế | Đã đi làm 1.5 năm, quen phối hợp với nhiều bộ phận và bám deadline | Có tinh thần chủ động chuyển hướng, đã hoàn thành khóa học lập trình web cơ bản","Chưa từng dùng ReactJS hay bất kỳ framework giao diện nào — công nghệ chính của vị trí | Chưa từng lập trình phía máy chủ, không biết Node.js hay Java Spring Boot | Không biết cơ sở dữ liệu và cách xây dựng giao diện lập trình cho ứng dụng | Chưa có dự án web app hay mobile app nào, chỉ có trang portfolio dùng template có sẵn","Ứng viên có nền tảng thiết kế và biết chút HTML/CSS, nhưng chưa từng lập trình ứng dụng thật ở cả phía giao diện lẫn máy chủ. Máy chấm cho điểm cao vì các kỹ năng nền trùng tên với yêu cầu, nên tôi hạ xuống 73. Với sản phẩm ngân hàng số đòi hỏi độ chính xác cao thì hồ sơ chưa phù hợp."
cv_synthetic_jd_0065_partial_fit,synthetic_jd_0065,Mobile Developer (iOS),partial_fit,0.704,0.579,1.0,77.4,0.55,0.15,0.3,0.0,3,13,80.0,"Có nền tảng Swift và UIKit thật, đã thực tập 3 tháng sửa lỗi và tái cấu trúc màn hình cho ứng dụng thật | Đồ án tốt nghiệp là ứng dụng iOS hoàn chỉnh có lưu trữ dữ liệu và vẽ biểu đồ thống kê | Có dự án cá nhân gọi dữ liệu thời tiết từ máy chủ, đúng kỹ năng vị trí yêu cầu | Nền tảng lập trình hướng đối tượng vững từ Java và C++","SwiftUI và kiến trúc MVVM mới ở mức tìm hiểu, chưa áp dụng vào dự án thật | Chưa dùng thư viện Alamofire mà công ty nhắc tới, mới chỉ dùng URLSession | Dự án thực tập quy mô nhỏ, không có xử lý dữ liệu thời gian thực hay tích hợp trí tuệ nhân tạo — chính ứng viên cũng ghi nhận | Chưa từng đưa ứng dụng lên App Store và chưa tích hợp các dịch vụ AI","Ứng viên có nền tảng iOS thật với cả kinh nghiệm thực tập lẫn đồ án hoàn chỉnh, đủ cho vị trí tuyển người mới ra trường. Điểm trừ là chưa có kinh nghiệm với dữ liệu thời gian thực và tích hợp trí tuệ nhân tạo — đặc thù sản phẩm của công ty, nên tôi hạ nhẹ xuống 80. Vẫn đáng cân nhắc."
cv_synthetic_jd_0065_poor_fit,synthetic_jd_0065,Mobile Developer (iOS),poor_fit,0.353,0.398,1.0,55.4,0.55,0.15,0.3,0.0,3,13,59.0,"Có nền tảng lập trình khá rộng: Python, Java, PHP và các công nghệ web | Nắm chắc lập trình hướng đối tượng và cấu trúc dữ liệu, dễ học ngôn ngữ mới | Đã thực tập 6 tháng làm module quản lý đơn hàng cho website thương mại điện tử | Biết dùng Git và đã quen làm việc nhóm theo sprint","Không biết Swift, chưa từng dùng UIKit hay SwiftUI — nền tảng bắt buộc của lập trình iOS | Không có sản phẩm cá nhân hay đồ án nào về ứng dụng iOS, đây là yêu cầu bắt buộc của vị trí | Chưa từng làm việc với môi trường phát triển Xcode và các thư viện đặc thù của Apple | Toàn bộ kinh nghiệm là lập trình web, chưa chạm tới lập trình di động","Ứng viên có nền tảng lập trình tốt nhưng hoàn toàn ở mảng web, chưa từng làm ứng dụng iOS trong khi công ty yêu cầu rõ phải có sản phẩm iOS để chứng minh. Máy chấm cho điểm khá vì nền lập trình chung, nên tôi hạ xuống 59. Cần học lại từ đầu về nền tảng Apple."
cv_synthetic_jd_0066_good_fit,synthetic_jd_0066,Product Manager (Tech),good_fit,0.665,0.634,1.0,68.5,0.45,0.45,0.1,4.0,3,15,96.0,"6.2 năm kinh nghiệm quản lý sản phẩm, trong đó 3 năm chuyên sâu mảng giáo dục trực tuyến — đúng ngành công ty | Đã dẫn dắt nhóm 10 người theo mô hình sprint và hướng dẫn 2 nhân sự quản lý sản phẩm ít kinh nghiệm hơn | Đã phối hợp với đội dữ liệu xây tính năng cá nhân hóa lộ trình học, giúp tăng tỷ lệ hoàn thành khóa 27% — chính là việc vị trí này mô tả | Đã thực hiện hơn 20 thử nghiệm A/B, tối ưu tỷ lệ chuyển đổi từ dùng thử sang trả phí tăng 18%",Chưa dùng công cụ Retool để dựng nguyên mẫu nhanh mà công ty nhắc tới | Chưa thấy đề cập kinh nghiệm với sản phẩm luyện thi chứng chỉ quốc tế cụ thể | Chưa có kinh nghiệm trực tiếp với hệ thống chấm bài tự động bằng trí tuệ nhân tạo,"Hồ sơ gần như hoàn hảo cho vị trí: đúng ngành giáo dục trực tuyến, đủ số năm, đã dẫn dắt nhóm quy mô tương đương và đặc biệt đã làm chính tính năng cá nhân hóa lộ trình học mà công ty đang muốn phát triển. Tôi nâng lên 96 vì mức độ trùng khớp rất cao. Nên liên hệ ngay."
cv_synthetic_jd_0066_poor_fit,synthetic_jd_0066,Product Manager (Tech),poor_fit,0.329,0.142,0.667,27.9,0.45,0.45,0.1,4.0,3,15,45.0,"Đã quen dùng Jira và làm việc theo quy trình sprint cùng đội phát triển | Có 1.9 năm kinh nghiệm trong ngành phần mềm, hiểu quy trình phát triển sản phẩm | Biết viết tài liệu có cấu trúc (test plan, test case), kỹ năng chuyển được sang viết tài liệu sản phẩm | Chủ động tự học thêm kỹ năng ngoài phạm vi công việc hiện tại","Chưa từng viết tài liệu yêu cầu sản phẩm hay thiết kế luồng người dùng — công việc chính của vị trí | Không biết dùng Figma, không có kinh nghiệm với các công cụ phân tích hành vi người dùng như Amplitude, Mixpanel | Chưa từng thiết kế và đọc kết quả thử nghiệm A/B, cũng không có kinh nghiệm phân tích chỉ số sản phẩm | Chỉ có bằng cao đẳng so với yêu cầu đại học, và 1.9 năm kinh nghiệm so với yêu cầu 4-7 năm","Đây là vị trí cấp cao cần người dẫn dắt một nhóm sản phẩm 10 người và ra quyết định dựa trên dữ liệu, nhưng ứng viên là nhân viên kiểm thử với chưa đầy 2 năm kinh nghiệm. Khoảng cách về cả kinh nghiệm lẫn kỹ năng là rất lớn, nên tôi hạ xuống 45. Hồ sơ không phù hợp."
cv_synthetic_jd_0067_good_fit,synthetic_jd_0067,Backend Developer,good_fit,0.709,0.72,1.0,74.1,0.6,0.3,0.1,2.0,3,16,92.0,"3 năm kinh nghiệm đúng nghề, vượt yêu cầu tối thiểu 2 năm và đã làm sản phẩm dịch vụ phần mềm cho hơn 200 doanh nghiệp | Đã tối ưu truy vấn giảm thời gian phản hồi từ 2.5 giây xuống dưới 0.4 giây — đúng kỹ năng vị trí đòi hỏi | Có kinh nghiệm cả xử lý bất đồng bộ với Redis lẫn tự cấu hình quy trình triển khai tự động trên đám mây | Đã trực tiếp xử lý sự cố hệ thống chạy thật và rà soát mã nguồn cho 2 lập trình viên ít kinh nghiệm hơn","Chưa có kinh nghiệm với Java Spring Boot, dù đã thành thạo Node.js và Python | Chưa từng dùng hàng đợi tin nhắn RabbitMQ hay Kafka mà mô tả công việc nêu là gần như bắt buộc | Chưa có kinh nghiệm với kiến trúc microservices ở quy mô lớn | Chưa từng làm ở môi trường startup giai đoạn đầu như đơn vị đang tuyển","Hồ sơ rất sát yêu cầu: đủ số năm, đã làm sản phẩm dịch vụ phần mềm thật với lượng khách hàng lớn và có kinh nghiệm cả về tối ưu hệ thống lẫn triển khai tự động. Tôi nâng lên 92 vì kinh nghiệm xử lý sự cố hệ thống chạy thật rất giá trị với môi trường startup. Nên mời phỏng vấn."
cv_synthetic_jd_0067_poor_fit,synthetic_jd_0067,Backend Developer,poor_fit,0.211,0.228,1.0,29.5,0.6,0.3,0.1,2.0,3,16,37.0,"Có bằng đại học, đáp ứng yêu cầu bằng cấp của vị trí | Biết HTML/CSS cơ bản, có khái niệm về cách một trang web hoạt động | Đã đi làm 1.5 năm, quen với deadline và làm việc nhóm","Không biết Node.js, Python hay Java — ba ngôn ngữ chính của vị trí lập trình phía máy chủ | Không có kiến thức về cơ sở dữ liệu, tối ưu truy vấn hay thiết kế giao diện lập trình | Chưa từng dùng Docker, hàng đợi tin nhắn hay bộ nhớ đệm mà vị trí yêu cầu | Kinh nghiệm 1.5 năm là ở thiết kế đồ họa, thấp hơn cả mức 2 năm yêu cầu và không liên quan","Ứng viên làm thiết kế đồ họa, chưa có bất kỳ kỹ năng lập trình phía máy chủ nào trong khi đây là vị trí cấp trung cần tự thiết kế và tối ưu hệ thống. Tôi hạ xuống 37 vì điểm bằng cấp đang kéo điểm tổng lên quá cao so với thực tế. Hồ sơ hoàn toàn không phù hợp."
cv_synthetic_jd_0068_partial_fit,synthetic_jd_0068,Mobile Developer (iOS),partial_fit,0.708,0.604,1.0,78.0,0.55,0.15,0.3,0.0,2,8,78.0,"Đã tự học Swift và làm được một ứng dụng iOS hoàn chỉnh có lưu trữ dữ liệu và gọi dữ liệu từ máy chủ | Có nền tảng lập trình di động thật qua Android, đã thực tập 3 tháng làm module quản lý đơn hàng | Nắm chắc lập trình hướng đối tượng và đã dùng Git theo quy trình nhóm | Có thêm dự án thực hành SwiftUI, cho thấy đang chủ động chuyển nền tảng","Swift mới ở mức cơ bản đến trung bình qua khóa học online 4 tháng, chưa dùng trong dự án doanh nghiệp | Chưa dùng thư viện Alamofire, mới ở mức tìm hiểu | Chưa từng kiểm thử ứng dụng trên nhiều dòng thiết bị iPhone/iPad như vị trí yêu cầu | Kinh nghiệm thực tập là ở Android chứ không phải iOS","Ứng viên có nền tảng lập trình di động thật ở Android và đã tự học được iOS đến mức làm ứng dụng hoàn chỉnh, đủ để bắt đầu ở vị trí tuyển người mới. Điểm trừ là toàn bộ kinh nghiệm doanh nghiệp là Android, phần iOS mới ở mức tự học, nên tôi hạ xuống 78. Có thể cân nhắc."
cv_synthetic_jd_0068_poor_fit,synthetic_jd_0068,Mobile Developer (iOS),poor_fit,0.264,0.368,1.0,50.0,0.55,0.15,0.3,0.0,2,8,48.0,"Có bằng đại học, cao hơn mức bằng cấp tối thiểu vị trí yêu cầu | Biết lập trình cơ bản qua PHP và có kiến thức cơ sở dữ liệu | Có tư duy phân tích số liệu tốt qua Excel, Power BI và SQL | Đã có đồ án tốt nghiệp xây dựng website quản lý bán hàng","Không biết Swift, chưa từng dùng UIKit hay SwiftUI — nền tảng bắt buộc của vị trí | Không có sản phẩm demo hay đồ án nào về ứng dụng iOS, đây là yêu cầu bắt buộc | Chưa từng làm việc với môi trường phát triển của Apple hay kiểm thử trên thiết bị iPhone/iPad | Kinh nghiệm là nhập liệu bán thời gian, không liên quan đến phát triển ứng dụng di động","Ứng viên học hệ thống thông tin quản lý với thiên hướng phân tích dữ liệu, chưa từng lập trình ứng dụng iOS trong khi công ty yêu cầu rõ phải có sản phẩm iOS. Tôi hạ xuống 48 vì điểm bằng cấp và kinh nghiệm chung đang che lấp khoảng trống kỹ năng cốt lõi. Hồ sơ không phù hợp."
cv_synthetic_jd_0069_partial_fit,synthetic_jd_0069,Security Engineer,partial_fit,0.677,0.448,1.0,75.6,0.5,0.15,0.35,0.0,2,17,86.0,"Đáp ứng đủ toàn bộ kỹ năng bắt buộc: kiến thức mạng, mã hóa, các loại tấn công và cả ba công cụ chính | Đồ án tốt nghiệp dựng phòng lab mô phỏng tấn công và phân tích log — đúng công việc giám sát an ninh hằng ngày | Đã tự học và triển khai thử hệ thống thu thập log tập trung, đúng loại công cụ mà dự án sử dụng | Có kinh nghiệm thực tập theo dõi log và cấu hình tường lửa, sẵn sàng làm việc theo ca","Kinh nghiệm với hệ thống giám sát an ninh tập trung mới ở quy mô cá nhân, chưa từng dùng trong doanh nghiệp — chính ứng viên cũng ghi nhận | Chưa có chứng chỉ Security+ hay CEH mà công ty ưu tiên | Chưa biết các tiêu chuẩn bảo mật ngành ngân hàng như PCI-DSS, SWIFT CSP, ISO 27001 | Chưa có kinh nghiệm với bảo mật trên nền tảng đám mây","Ứng viên mới ra trường nhưng chuẩn bị rất kỹ: đủ toàn bộ kỹ năng bắt buộc, có đồ án đúng hướng phân tích log và đã tự dựng thử hệ thống giám sát. Điểm trừ là chưa biết các tiêu chuẩn bảo mật ngành ngân hàng, nên tôi hạ nhẹ xuống 86. Vẫn là hồ sơ tốt cho vị trí tuyển người mới."
cv_synthetic_jd_0069_poor_fit,synthetic_jd_0069,Security Engineer,poor_fit,0.198,0.331,1.0,49.9,0.5,0.15,0.35,0.0,2,17,57.0,"Có bằng đại học, cao hơn mức bằng cấp tối thiểu vị trí yêu cầu | Có gần 2 năm đi làm, tính cẩn thận và quen bám deadline | Biết HTML/CSS cơ bản, giúp hiểu phần nào cấu trúc trang web | Sẵn sàng học hỏi và làm việc trong môi trường mới","Không có kiến thức nào về an ninh mạng: chưa biết TCP/IP, tường lửa, mã hóa hay các loại tấn công phổ biến | Chưa từng dùng Wireshark, Nmap hay Burp Suite — bộ công cụ cơ bản của công việc | Không biết thao tác dòng lệnh trên Linux hay Windows Server | Toàn bộ kinh nghiệm là ở mảng thiết kế và marketing, không liên quan","Ứng viên làm thiết kế đồ họa, chưa có kiến thức nền nào về bảo mật trong khi đây là dự án cho ngân hàng đòi hỏi quy trình rất chặt chẽ. Máy chấm bị đẩy điểm lên bởi bằng cấp và số năm làm ở ngành khác, nên tôi hạ xuống 57. Hồ sơ không phù hợp."
cv_synthetic_jd_0070_good_fit,synthetic_jd_0070,Machine Learning Engineer,good_fit,0.621,0.811,1.0,72.5,0.55,0.35,0.1,4.0,3,16,94.0,"5.8 năm kinh nghiệm đúng nghề, vượt yêu cầu 4 năm, lại có thêm bằng Thạc sĩ Khoa học Dữ liệu mà công ty coi là điểm cộng | Đã triển khai mô hình phát hiện lỗi sản phẩm tại 3 nhà máy thật, giảm tỷ lệ lỗi bỏ sót từ 8% xuống 1.5% — đúng bài toán công ty đang giải | Có kinh nghiệm hiếm về cả dự đoán hỏng hóc thiết bị lẫn triển khai mô hình lên thiết bị đặt tại nhà máy | Đã tự xây hệ thống quản lý vòng đời mô hình và hướng dẫn 2 nhân sự ít kinh nghiệm hơn","Chưa có kinh nghiệm với Kubernetes để mở rộng hệ thống xử lý | Chưa thấy đề cập kinh nghiệm với các chuẩn công nghiệp cụ thể như OEE hay SCADA | Chưa có bài báo khoa học công bố, dù có dự án cá nhân trên GitHub","Đây là ứng viên gần như hoàn hảo: đúng cả hai bài toán mà công ty đang làm là phát hiện lỗi sản phẩm qua hình ảnh và dự đoán hỏng hóc thiết bị, lại đã triển khai thật tại nhà máy. Tôi nâng lên 94 vì mức độ trùng khớp này rất hiếm trên thị trường. Nên liên hệ ngay."
cv_synthetic_jd_0070_partial_fit,synthetic_jd_0070,Machine Learning Engineer,partial_fit,0.638,0.483,1.0,62.0,0.55,0.35,0.1,4.0,3,16,72.0,"2.5 năm kinh nghiệm chuyên sâu về thị giác máy tính, đã triển khai mô hình phát hiện lỗi bề mặt sản phẩm tại nhà máy khách hàng | Đã làm việc trực tiếp với môi trường sản xuất: hiệu chỉnh camera, ánh sáng để cải thiện chất lượng dữ liệu | Có dự án cá nhân về phát hiện lỗi vải dệt bằng kỹ thuật phân vùng ảnh, cho thấy chủ động rèn nghề | Đã hướng dẫn một thực tập sinh về quy trình gắn nhãn và huấn luyện mô hình",Chỉ có 3.1 năm kinh nghiệm so với yêu cầu tối thiểu 4 năm cho vị trí cấp cao | Chưa có kinh nghiệm với dữ liệu chuỗi thời gian để làm bài toán dự đoán hỏng hóc thiết bị — một nửa công việc của vị trí | Chưa từng triển khai mô hình lên thiết bị đặt tại nhà máy và chưa dùng TensorRT để tối ưu tốc độ | Chưa có kinh nghiệm với dịch vụ đám mây và chưa triển khai quy trình huấn luyện lại tự động,"Ứng viên mạnh về thị giác máy tính và đã làm đúng bài toán phát hiện lỗi sản phẩm, nhưng thiếu hẳn mảng dự đoán hỏng hóc thiết bị — vốn chiếm một nửa công việc. Số năm cũng chưa đủ cho vị trí cấp cao, nên tôi hạ xuống 72. Có thể cân nhắc cho vị trí thấp hơn một bậc."
cv_synthetic_jd_0071_good_fit,synthetic_jd_0071,Machine Learning Engineer,good_fit,0.709,0.709,1.0,73.8,0.45,0.45,0.1,7.0,3,24,95.0,"7.2 năm kinh nghiệm, trong đó 3.5 năm dẫn dắt kỹ thuật nhóm 5 người — đúng yêu cầu về cả số năm lẫn vai trò lãnh đạo | Đã xây hệ thống gợi ý phục vụ hơn 3 triệu lượt truy vấn mỗi ngày, tăng tỷ lệ nhấp 27% và tỷ lệ chuyển đổi 15% | Đã triển khai đủ bộ quy trình vận hành mô hình: kho đặc trưng, huấn luyện tự động, phục vụ mô hình, giảm độ trễ từ 120ms xuống 35ms | Đã tinh chỉnh và đưa mô hình ngôn ngữ lớn vào sản phẩm chạy thật, đúng hướng công nghệ mới công ty muốn thử nghiệm",Chưa từng làm ở startup giai đoạn đầu như công ty đang tuyển | Chưa có bài báo công bố tại các hội nghị lớn mà công ty coi là điểm cộng | Chưa có kinh nghiệm với suy luận nhân quả trong đánh giá hiệu quả tính năng,"Hồ sơ khớp gần như hoàn hảo với vị trí: đủ số năm, đã dẫn dắt nhóm đúng quy mô, làm đúng bài toán gợi ý ở quy mô hàng triệu lượt và còn có kinh nghiệm với mô hình ngôn ngữ lớn. Tôi nâng lên 95 vì đây là hồ sơ hiếm trên thị trường. Nên liên hệ ngay."
cv_synthetic_jd_0071_partial_fit,synthetic_jd_0071,Machine Learning Engineer,partial_fit,0.564,0.598,1.0,62.3,0.45,0.45,0.1,7.0,3,24,78.0,"5.9 năm kinh nghiệm đúng mảng hệ thống gợi ý và xếp hạng, phục vụ 200.000 lượt truy vấn mỗi ngày | Đã tự xây quy trình huấn luyện tự động giảm 40% thời gian và tối ưu độ trễ xuống dưới 150ms | Có chứng chỉ AWS chuyên về học máy và đã thử nghiệm tìm kiếm theo vector — đúng hướng công nghệ công ty | Đã trình bày kỹ thuật cho các bên không chuyên, kỹ năng cần khi làm với người sáng lập","Thiếu hơn 1 năm so với yêu cầu tối thiểu 7 năm và chưa từng giữ vai trò dẫn dắt kỹ thuật cho nhóm 3-5 người | Chưa có kinh nghiệm với Kubernetes, Kafka hay các nền tảng học máy trên GCP/Azure | Chưa từng tinh chỉnh và triển khai mô hình ngôn ngữ lớn vào sản phẩm thật | Chưa có kinh nghiệm làm việc trực tiếp với đội ngũ nước ngoài bằng tiếng Anh như yêu cầu họp thường xuyên với team Mỹ","Ứng viên có chuyên môn đúng mảng hệ thống gợi ý và kinh nghiệm triển khai thật, nhưng còn thiếu số năm và đặc biệt là chưa từng dẫn dắt nhóm — yêu cầu cốt lõi của vị trí Lead. Khả năng làm việc với đội ngũ Mỹ cũng chưa được chứng minh, nên tôi hạ xuống 78. Phù hợp hơn với vị trí Senior."
cv_synthetic_jd_0072_good_fit,synthetic_jd_0072,Cloud Engineer,good_fit,0.756,0.827,1.0,80.5,0.55,0.35,0.1,4.0,3,18,93.0,"6.4 năm kinh nghiệm đúng nghề, thành thạo cả AWS lẫn Azure, có chứng chỉ Solutions Architect và Kubernetes Administrator | Đã triển khai hạ tầng cho hệ thống quản lý sản xuất phục vụ 3 nhà máy thật, đảm bảo độ ổn định 99.9% | Có kinh nghiệm hiếm và rất đúng nhu cầu: thu thập dữ liệu thời gian thực từ cảm biến nhà máy và làm việc với hệ thống SCADA | Đã làm việc trực tiếp với đội kỹ sư Nhật Bản trong dự án chuyển hệ thống lên đám mây, giảm 22% chi phí vận hành","Không biết tiếng Nhật, dù đã có kinh nghiệm làm việc với đội ngũ Nhật bằng tiếng Anh | Chưa thấy đề cập kinh nghiệm với hệ thống thu thập log tập trung quy mô lớn | Chưa có chứng chỉ Azure Administrator mà công ty nhắc tới","Hồ sơ rất sát yêu cầu: đủ số năm, thành thạo cả hai nền tảng đám mây, có chứng chỉ đầy đủ và đặc biệt đã làm đúng môi trường nhà máy với hệ thống cảm biến, lại quen làm việc với kỹ sư Nhật. Tôi nâng lên 93 vì kinh nghiệm ngành sản xuất này rất khó tìm. Nên ưu tiên phỏng vấn."
cv_synthetic_jd_0072_partial_fit,synthetic_jd_0072,Cloud Engineer,partial_fit,0.668,0.612,1.0,68.2,0.55,0.35,0.1,4.0,3,18,76.0,"5.4 năm kinh nghiệm đúng nghề, vượt yêu cầu tối thiểu 4 năm | Thành thạo AWS và có chứng chỉ Solutions Architect mà công ty coi là lợi thế lớn | Đã viết mô-đun hạ tầng dạng mã nguồn giúp giảm 60% thời gian dựng môi trường mới | Có kinh nghiệm tối ưu chi phí đám mây, giảm 25% chi phí vận hành hằng tháng","Azure mới ở mức tìm hiểu qua khóa học, chưa triển khai thực tế — trong khi công ty dùng cả AWS lẫn Azure | Chưa có kinh nghiệm với hệ thống công nghiệp SCADA, MES hay dữ liệu thời gian thực từ nhà máy — chính ứng viên cũng ghi nhận | Chưa có kinh nghiệm với hệ thống thu thập log tập trung và lập kế hoạch phục hồi thảm họa | Không biết tiếng Nhật, trong khi phải làm việc trực tiếp với kỹ sư Nhật Bản","Ứng viên có nền tảng đám mây vững trên AWS và đủ số năm kinh nghiệm, nhưng thiếu hẳn mảng Azure thực tế và kinh nghiệm với hệ thống nhà máy — hai điểm khá quan trọng với công ty sản xuất này. Tôi hạ xuống 76. Vẫn đáng phỏng vấn nếu công ty chấp nhận đào tạo về mảng công nghiệp."
cv_synthetic_jd_0073_partial_fit,synthetic_jd_0073,DevOps Engineer,partial_fit,0.823,0.719,1.0,86.9,0.5,0.15,0.35,0.0,3,9,92.0,"Đáp ứng 100% kỹ năng bắt buộc và phần lớn kỹ năng ưu tiên, hiếm thấy ở ứng viên thực tập | Đã thực tập thật, cấu hình máy chủ Linux và viết script tự động sao lưu cho phòng lab | Có 3 dự án đúng hướng: tự dựng quy trình triển khai tự động, hệ thống giám sát tài nguyên và đóng gói ứng dụng bằng Docker | Tiếng Anh TOEIC 650, đủ để đọc tài liệu và làm việc trong doanh nghiệp nước ngoài","Chưa có kinh nghiệm thực tế với dịch vụ đám mây AWS/Azure, mới tìm hiểu lý thuyết | Chưa biết Kubernetes, Ansible hay Terraform mà công ty coi là điểm cộng | Chưa từng dùng GitLab CI hay Jenkins, mới quen GitHub Actions | Chưa có kinh nghiệm với hệ thống thu thập log tập trung",Sinh viên năm cuối nhưng chuẩn bị rất tốt: đủ toàn bộ kỹ năng bắt buộc và có bộ dự án cá nhân thực chất đúng hướng vận hành hệ thống. Tôi hạ nhẹ xuống 92 vì phần đám mây mới ở mức lý thuyết. Rất phù hợp cho vị trí thực tập.
cv_synthetic_jd_0073_poor_fit,synthetic_jd_0073,DevOps Engineer,poor_fit,0.292,0.404,1.0,55.7,0.5,0.15,0.35,0.0,3,9,62.0,"Có bằng đại học đúng mức yêu cầu, tính chủ động và chịu được áp lực deadline | Có 2 năm kinh nghiệm làm việc, quen phối hợp nhóm và quản lý tiến độ | Biết dùng Git ở mức cơ bản | Có tinh thần ham học hỏi","Không biết Linux ở mức thao tác dòng lệnh — nền tảng bắt buộc của công việc | Không biết viết script Bash hay Python để tự động hóa | Không có kiến thức về mạng máy tính (TCP/IP, DNS, giao thức web) | Chưa có bất kỳ đồ án hay dự án nào liên quan đến hạ tầng, triển khai hệ thống","Ứng viên học thiết kế đồ họa và chưa có kỹ năng kỹ thuật nào của nghề vận hành hệ thống, kể cả ở mức nhập môn. Máy chấm cho điểm khá vì các kỹ năng mềm trùng tên với yêu cầu, nên tôi hạ xuống 62. Chưa phù hợp kể cả với vị trí thực tập."
cv_synthetic_jd_0074_good_fit,synthetic_jd_0074,QA Automation Engineer,good_fit,0.688,0.88,1.0,80.6,0.45,0.45,0.1,7.0,3,19,93.0,"8.2 năm kinh nghiệm kiểm thử, trong đó gần 4 năm dẫn dắt nhóm 6 người — vượt yêu cầu 7 năm và đúng vai trò lãnh đạo | Đã tự thiết kế kiến trúc hệ thống kiểm thử tự động, giảm 40% thời gian kiểm thử lặp lại | Có kinh nghiệm đúng ngành: kiểm thử hệ thống quản lý sản xuất và kho vận cho 8 chi nhánh nhà máy | Có chứng chỉ ISTQB cấp Advanced về kiểm thử tự động và kinh nghiệm kiểm thử hiệu năng với 500+ người dùng đồng thời","Chưa dùng Azure DevOps mà mô tả công việc nhắc tới, mới quen Jenkins và GitLab CI | Chưa có kinh nghiệm với các giao thức công nghiệp OPC UA và Modbus, mới có MQTT | Chưa có kinh nghiệm với cơ sở dữ liệu Oracle mà tập đoàn đang dùng | Chưa từng làm trong tập đoàn đa quốc gia như công ty mong muốn","Hồ sơ rất sát yêu cầu: đủ số năm, đã dẫn dắt nhóm đúng quy mô, tự xây dựng kiến trúc kiểm thử từ đầu và quan trọng nhất là đã kiểm thử đúng loại hệ thống quản lý sản xuất mà tập đoàn đang dùng. Tôi nâng lên 93 vì kinh nghiệm đúng ngành này rất giá trị. Nên ưu tiên phỏng vấn."
cv_synthetic_jd_0074_poor_fit,synthetic_jd_0074,QA Automation Engineer,poor_fit,0.265,0.094,1.0,26.2,0.45,0.45,0.1,7.0,3,19,35.0,"Tính kiên nhẫn, chú ý chi tiết — phẩm chất có ích với công việc kiểm thử | Có bằng đại học, đáp ứng yêu cầu bằng cấp | Có 2.2 năm kinh nghiệm làm việc, quen với deadline","Không biết Java, Python hay C# ở mức lập trình được — nền tảng bắt buộc để viết kiểm thử tự động | Chưa từng dùng Selenium, Appium hay bất kỳ công cụ kiểm thử tự động nào | Chưa từng làm kiểm thử phần mềm, chưa nói đến việc tự xây dựng hệ thống kiểm thử từ đầu | Chỉ có 2.2 năm kinh nghiệm thiết kế so với yêu cầu 7 năm và khả năng dẫn dắt nhóm 5-8 người","Đây là vị trí cấp cao cần người thiết kế kiến trúc hệ thống kiểm thử và dẫn dắt cả một đội, nhưng ứng viên làm thiết kế đồ họa và chưa từng làm kiểm thử. Tôi hạ xuống 35 vì điểm bằng cấp đang che lấp khoảng cách rất lớn về chuyên môn. Hồ sơ hoàn toàn không phù hợp."
cv_synthetic_jd_0075_good_fit,synthetic_jd_0075,Game Developer,good_fit,0.751,0.676,1.0,81.4,0.55,0.15,0.3,0.0,3,7,95.0,"Đáp ứng 100% kỹ năng bắt buộc và có chứng chỉ Unity Certified User - Programmer | Đồ án môn học là ứng dụng tham quan căn hộ ảo 3D — chính là sản phẩm mà công ty bất động sản đang cần | Đã thực tập thật làm ứng dụng mô phỏng showroom nội thất 3D, tối ưu giảm 20% thời gian tải cảnh | Có thêm dự án thử nghiệm thực tế tăng cường, đúng hướng công nghệ VR/AR của phòng Innovation Lab","Chưa có kinh nghiệm với bộ công cụ Oculus SDK cho kính thực tế ảo | Chưa từng dùng 3ds Max, mới quen Blender ở mức cơ bản | Chưa tham gia game jam hay cuộc thi lập trình game mà công ty coi là điểm cộng","Hồ sơ gần như đo ni đóng giày cho vị trí: đủ toàn bộ kỹ năng, có chứng chỉ Unity và đặc biệt đồ án tham quan căn hộ ảo 3D trùng khớp hoàn toàn với sản phẩm sa bàn số mà công ty đang làm. Tôi giữ điểm rất cao ở mức 95. Nên nhận ngay."
cv_synthetic_jd_0075_poor_fit,synthetic_jd_0075,Game Developer,poor_fit,0.363,0.701,1.0,60.5,0.55,0.15,0.3,0.0,3,7,61.0,"Có bằng đại học, đáp ứng yêu cầu bằng cấp của vị trí | Biết lập trình cơ bản qua VBA cho Excel, cho thấy có nền tảng tư duy logic | Có 1.3 năm đi làm, quen với deadline và phối hợp giữa các bộ phận | Có tinh thần tự học và chủ động tìm hiểu công cụ mới","Không biết C# hay Unity Engine — hai kỹ năng bắt buộc và là toàn bộ nội dung công việc | Không có kiến thức về toán ứng dụng trong game (vector, ma trận, va chạm) | Chưa có bất kỳ sản phẩm demo hay dự án game nào để chứng minh năng lực | Toàn bộ kinh nghiệm là kế toán và thu ngân, không liên quan đến lập trình","Ứng viên học kế toán và chưa có nền tảng lập trình game nào, kể cả ở mức nhập môn. Máy chấm cho điểm cao vì kỹ năng VBA và tư duy logic trùng tên với yêu cầu, nên tôi hạ xuống 61. Chưa phù hợp kể cả với vị trí thực tập."
cv_synthetic_jd_0076_partial_fit,synthetic_jd_0076,Data Analyst,partial_fit,0.513,0.525,1.0,56.7,0.45,0.45,0.1,7.0,3,21,74.0,"5.6 năm kinh nghiệm đúng nghề phân tích dữ liệu, thành thạo cả truy vấn nâng cao lẫn Power BI | Đã xây dựng và duy trì hơn 20 báo cáo phục vụ ban điều hành, quen làm việc với nhiều phòng ban | Có kinh nghiệm xây dựng quy trình đồng bộ dữ liệu tự động từ hệ thống bán hàng về kho dữ liệu | Đã hướng dẫn 1-2 nhân sự phân tích dữ liệu mới về kỹ năng truy vấn và làm báo cáo","Chưa từng làm việc với khách hàng nước ngoài — yêu cầu cốt lõi của công ty gia công, chính ứng viên cũng ghi nhận | Thiếu gần 1.5 năm so với yêu cầu tối thiểu 7 năm và chưa từng chính thức dẫn dắt nhóm 3-5 người | Chưa có kinh nghiệm với kho dữ liệu đám mây, Spark hay các công cụ điều phối như Airflow | Chưa biết tiếng Nhật, hạn chế khi tham gia dự án cho khách hàng Nhật Bản","Ứng viên có chuyên môn phân tích dữ liệu tốt và đủ kỹ năng kỹ thuật, nhưng thiếu hai điều quan trọng nhất của vị trí này là kinh nghiệm làm việc trực tiếp với khách hàng nước ngoài và vai trò dẫn dắt nhóm chính thức. Tôi hạ xuống 74. Phù hợp hơn với vị trí Senior thuần chuyên môn."
cv_synthetic_jd_0076_poor_fit,synthetic_jd_0076,Data Analyst,poor_fit,0.194,0.138,1.0,24.9,0.45,0.45,0.1,7.0,3,21,43.0,"Có bằng đại học, đáp ứng yêu cầu bằng cấp tối thiểu | Có 2.9 năm đi làm, quen phối hợp với nhiều bộ phận và bám tiến độ | Đã có thói quen tổng hợp số liệu tương tác bài đăng bằng Excel để báo cáo hằng tuần","Không biết SQL — kỹ năng bắt buộc quan trọng nhất của vị trí phân tích dữ liệu | Chưa từng dùng Power BI, Tableau hay bất kỳ công cụ báo cáo chuyên nghiệp nào | Không biết Python, R hay các quy trình xử lý dữ liệu tự động | Chỉ có 2.9 năm kinh nghiệm thiết kế so với yêu cầu 7 năm phân tích dữ liệu và 2 năm dẫn dắt nhóm","Ứng viên làm thiết kế đồ họa, không có bất kỳ kỹ năng nào thuộc nhóm bắt buộc trong khi đây là vị trí cấp cao cần 7 năm kinh nghiệm và khả năng quản lý đội nhóm. Tôi hạ xuống 43 vì điểm bằng cấp đang kéo điểm tổng lên cao hơn thực tế. Hồ sơ không phù hợp."
cv_synthetic_jd_0077_good_fit,synthetic_jd_0077,System Administrator,good_fit,0.745,0.644,1.0,74.8,0.5,0.35,0.15,2.0,3,18,93.0,"4.4 năm kinh nghiệm đúng nghề, vượt yêu cầu tối thiểu 2 năm, quản trị hệ thống cho khoảng 180 nhân viên | Đáp ứng gần đủ kỹ năng bắt buộc và có hai chứng chỉ đúng yêu cầu ưu tiên của công ty | Đã tham gia hỗ trợ kiểm toán bảo mật ISO 27001 — trùng với chuẩn ISO 27001 và SOC 2 mà công ty phải tuân thủ | Đã quen làm việc với đội ngũ quốc tế và xử lý sự cố theo cam kết thời gian, đúng đặc thù công ty Mỹ","Chưa dùng công cụ giám sát Prometheus mà mô tả công việc nhắc tới, mới quen Zabbix và Nagios | Chưa có kinh nghiệm với công cụ quản lý cấu hình tự động như Ansible, Chef hay Puppet | Chưa có kinh nghiệm với Docker, Kubernetes mà công ty coi là điểm cộng | Chưa quen quy trình ITIL của môi trường doanh nghiệp lớn","Hồ sơ rất sát yêu cầu: đủ số năm, quản trị hệ thống quy mô tương đương, có chứng chỉ đúng yêu cầu và đã quen cả việc kiểm toán bảo mật lẫn làm việc với đội ngũ nước ngoài. Tôi nâng lên 93 vì kinh nghiệm hỗ trợ audit và làm việc quốc tế rất đúng nhu cầu. Nên mời phỏng vấn."
cv_synthetic_jd_0077_poor_fit,synthetic_jd_0077,System Administrator,poor_fit,0.189,0.307,1.0,35.2,0.5,0.35,0.15,2.0,3,18,51.0,"Có bằng đại học, đáp ứng yêu cầu bằng cấp của vị trí | Có 2.2 năm đi làm, đủ mức số năm tối thiểu và quen chịu áp lực deadline | Biết HTML/CSS cơ bản và dùng Git ở mức quản lý phiên bản tệp","Không có kiến thức nào về quản trị hệ thống: chưa từng dùng Linux, Windows Server hay Active Directory | Không biết mạng máy tính, cấu hình tường lửa hay các dịch vụ nền tảng như DNS, DHCP | Chưa từng dùng dịch vụ đám mây, công cụ giám sát hay viết script tự động hóa | Không đạt bất kỳ tiêu chí ưu tiên nào và toàn bộ kinh nghiệm là ở mảng thiết kế","Ứng viên làm thiết kế đồ họa, chưa có kỹ năng kỹ thuật nào của nghề quản trị hệ thống trong khi đây là vị trí cấp trung cần làm được ngay. Máy chấm cho điểm khá vì tính đủ số năm đi làm ở ngành khác, nên tôi hạ xuống 51. Hồ sơ không phù hợp."
cv_synthetic_jd_0078_good_fit,synthetic_jd_0078,Data Engineer,good_fit,0.822,0.721,1.0,86.0,0.55,0.15,0.3,0.0,3,7,94.0,"Đáp ứng 100% kỹ năng bắt buộc, thậm chí vượt mức với truy vấn nâng cao và lập trình hướng đối tượng | Có 3 dự án đúng hướng, gồm hệ thống thu thập và xử lý dữ liệu tuyển dụng tự động dùng đúng bộ công cụ công ty cần | Đã thực hành thật với Apache Airflow qua đồ án môn học, đúng công cụ điều phối mà vị trí sử dụng | Đã thực tập 3 tháng làm sạch dữ liệu và viết truy vấn báo cáo cho đội phân tích, tiếng Anh TOEIC 750","Chưa có kinh nghiệm với Apache Spark, dbt hay các dịch vụ dữ liệu trên đám mây | Chưa từng làm dự án trong lĩnh vực giáo dục trực tuyến mà công ty đang phục vụ | Kinh nghiệm thực tế mới ở mức thực tập 3 tháng","Hồ sơ thực tập rất mạnh: đủ toàn bộ kỹ năng bắt buộc, đã tự làm hệ thống thu thập và xử lý dữ liệu hoàn chỉnh và biết luôn công cụ điều phối mà công ty dùng hằng ngày. Tôi giữ điểm cao ở mức 94. Nên nhận ngay."
cv_synthetic_jd_0078_partial_fit,synthetic_jd_0078,Data Engineer,partial_fit,0.668,0.485,1.0,74.0,0.55,0.15,0.3,0.0,3,7,76.0,"Nắm được các kỹ năng nền tảng bắt buộc: Python xử lý tệp, truy vấn cơ bản và cơ sở dữ liệu quan hệ | Nền tảng cấu trúc dữ liệu và giải thuật chắc, phù hợp với ngành Toán - Tin | Có 3 dự án học tập liên quan đến xử lý dữ liệu và thiết kế cơ sở dữ liệu | Đã làm gia sư lập trình Python 2.5 năm, cho thấy khả năng diễn đạt và hiểu bản chất","Chưa có kinh nghiệm thực tế với Airflow hay bất kỳ hệ thống xử lý dữ liệu quy mô lớn nào — chính ứng viên cũng ghi nhận | Chưa dùng Pandas cho dự án crawl dữ liệu thực tế, mới ở mức bài tập đọc file | Chưa biết Docker, Spark hay các dịch vụ dữ liệu trên đám mây mà công ty coi là điểm cộng | Chưa từng làm trong môi trường doanh nghiệp, kinh nghiệm là gia sư tự do","Ứng viên có nền tảng lập trình và cơ sở dữ liệu đủ để bắt đầu ở vị trí thực tập, nhưng chưa từng làm trong doanh nghiệp và chưa tiếp xúc với công cụ xử lý dữ liệu quy mô lớn. Tôi hạ xuống 76. Vẫn có thể cân nhắc nếu công ty kèm cặp kỹ."
cv_synthetic_jd_0079_good_fit,synthetic_jd_0079,AI Engineer,good_fit,0.665,1.0,1.0,81.6,0.55,0.35,0.1,4.0,3,17,92.0,"5.3 năm kinh nghiệm đúng nghề, vượt yêu cầu 4 năm, đã triển khai mô hình vào môi trường chạy thật | Có kinh nghiệm ở cả hai mảng công ty cần: phân tích ảnh y tế (X-quang, MRI) và xử lý ngôn ngữ tự nhiên | Đã tinh chỉnh mô hình ngôn ngữ lớn và xây chatbot dựa trên tài liệu — đúng sản phẩm trợ lý ảo cho bác sĩ | Đã nắm quy định bảo vệ dữ liệu cá nhân theo Nghị định 13/2023, rất quan trọng với dữ liệu bệnh nhân","Chưa có kinh nghiệm với định dạng dữ liệu y tế chuyên ngành như DICOM hay HL7-FHIR | Chưa từng làm việc trực tiếp trong doanh nghiệp y tế, kinh nghiệm chính là fintech | Chưa quen các tiêu chuẩn phát triển phần mềm y tế như ISO 13485, IEC 62304 | Chưa có kinh nghiệm với dịch vụ học máy trên đám mây (SageMaker, Vertex AI)","Hồ sơ rất phù hợp: đủ số năm, có kinh nghiệm ở đúng cả hai mảng phân tích ảnh y tế và chatbot dựa trên tài liệu, lại đã quen với quy định bảo vệ dữ liệu nhạy cảm. Tôi nâng lên 92 vì dự án phân loại ảnh X-quang có giải thích kết quả rất đúng nhu cầu ngành y. Nên mời phỏng vấn."
cv_synthetic_jd_0079_poor_fit,synthetic_jd_0079,AI Engineer,poor_fit,0.283,0.342,1.0,37.5,0.55,0.35,0.1,4.0,3,17,42.0,"Có 2.5 năm kinh nghiệm lập trình chuyên nghiệp, hiểu quy trình phát triển sản phẩm | Biết Python ở mức cơ bản, là nền tảng xa để học thêm về trí tuệ nhân tạo | Có bằng đại học đúng ngành công nghệ thông tin và kỹ năng làm việc nhóm tốt","Không biết PyTorch, TensorFlow hay scikit-learn — bộ công cụ bắt buộc của vị trí | Không có kiến thức về thị giác máy tính hay xử lý ngôn ngữ tự nhiên | Chưa từng huấn luyện hay triển khai mô hình học máy nào vào môi trường thật | Chỉ có 2.5 năm kinh nghiệm lập trình web so với yêu cầu 4 năm làm trí tuệ nhân tạo","Ứng viên là lập trình viên giao diện web, chưa có bất kỳ kinh nghiệm nào về trí tuệ nhân tạo trong khi đây là vị trí cấp cao cần triển khai mô hình vào sản phẩm y tế. Tôi hạ xuống 42 vì khoảng cách chuyên môn là rất lớn. Hồ sơ không phù hợp."
cv_synthetic_jd_0080_partial_fit,synthetic_jd_0080,Security Engineer,partial_fit,0.694,0.472,1.0,74.1,0.5,0.2,0.3,0.0,3,15,86.0,"Nắm gần đủ toàn bộ kỹ năng bắt buộc: kiến thức mạng, các lỗ hổng phổ biến, Linux và công cụ quét lỗ hổng | Đồ án tốt nghiệp xây hệ thống thu thập và phân tích log phát hiện đăng nhập bất thường — đúng công việc giám sát hằng ngày | Đã thực hành tấn công và phòng thủ trên môi trường lab, viết được báo cáo phân tích lỗ hổng | Có kinh nghiệm thi đấu CTF cấp trường, đạt Top 15/80 đội — điểm cộng công ty ưu tiên","Kinh nghiệm với hệ thống giám sát an ninh tập trung mới ở mức đọc tài liệu, chưa thực chiến — chính ứng viên cũng ghi nhận | Chưa có chứng chỉ CompTIA Security+, mới đang tự ôn | Chưa có kinh nghiệm với bảo mật trên nền tảng đám mây | Kinh nghiệm thực tập là ở vị trí hỗ trợ kỹ thuật chứ chưa phải chuyên trách bảo mật","Ứng viên mới ra trường nhưng nền tảng khá chắc: đủ hầu hết kỹ năng bắt buộc, có đồ án đúng hướng giám sát log và đã thi đấu CTF. Điểm trừ là hệ thống giám sát tập trung mới ở mức lý thuyết, nên tôi hạ nhẹ xuống 86. Là hồ sơ tốt cho vị trí tuyển người mới."
cv_synthetic_jd_0080_poor_fit,synthetic_jd_0080,Security Engineer,poor_fit,0.225,0.331,1.0,47.9,0.5,0.2,0.3,0.0,3,15,61.0,"Có 2.5 năm đi làm, quen phối hợp nhóm và bám tiến độ công việc | Có bằng đại học, đáp ứng yêu cầu bằng cấp của vị trí | Biết HTML/CSS sơ qua và dùng Git ở mức cơ bản | Có kỹ năng trình bày và làm việc nhóm tốt","Không có kiến thức về mạng máy tính hay các lỗ hổng bảo mật phổ biến | Chưa từng dùng Linux ở mức dòng lệnh, cũng chưa dùng công cụ quét lỗ hổng nào | Không biết hệ thống giám sát an ninh tập trung, không đạt bất kỳ tiêu chí ưu tiên nào | Toàn bộ kinh nghiệm là thiết kế đồ họa và giao diện, không liên quan đến bảo mật","Ứng viên làm thiết kế đồ họa và giao diện, chưa có kiến thức nền nào về an toàn thông tin. Máy chấm cho điểm khá do một số kỹ năng mềm và bằng cấp trùng khớp, nên tôi hạ xuống 61. Hồ sơ chưa phù hợp với vị trí."
cv_synthetic_jd_0081_good_fit,synthetic_jd_0081,Machine Learning Engineer,good_fit,0.773,0.57,1.0,78.9,0.55,0.2,0.25,0.0,3,12,93.0,"Đúng chuyên ngành Khoa học Dữ liệu, đáp ứng gần hết cả kỹ năng bắt buộc lẫn ưu tiên | Đã thực tập 6 tháng đúng lĩnh vực fintech, xây mô hình chấm điểm rủi ro tín dụng trên 500.000 giao dịch thật | Đã xử lý bài toán dữ liệu mất cân bằng trong thực tế, cải thiện chỉ số F1 từ 0.42 lên 0.61 | Có dự án cá nhân phát hiện gian lận thẻ tín dụng đạt AUC 0.97 — đúng bài toán thứ hai của công ty","Chưa dùng CatBoost mà công ty nhắc tới, dù đã thành thạo XGBoost và LightGBM | Kinh nghiệm với Docker, Airflow và MLflow mới ở mức cơ bản | Chưa có kinh nghiệm với dịch vụ học máy trên đám mây (SageMaker, Vertex AI) | Chưa từng tham gia cuộc thi Kaggle mà công ty coi là điểm cộng","Hồ sơ rất mạnh so với vị trí tuyển người mới: đúng chuyên ngành, đã thực tập đúng lĩnh vực fintech với dữ liệu thật quy mô lớn và làm đúng cả hai bài toán chấm điểm tín dụng lẫn phát hiện gian lận. Tôi nâng nhẹ lên 93. Nên mời phỏng vấn sớm."
cv_synthetic_jd_0081_partial_fit,synthetic_jd_0081,Machine Learning Engineer,partial_fit,0.667,0.491,1.0,71.5,0.55,0.2,0.25,0.0,3,12,78.0,"Nền tảng toán và thống kê rất chắc nhờ học đúng ngành Toán ứng dụng, phù hợp với bài toán rủi ro tín dụng | Nắm đủ kiến thức học máy cơ bản và các chỉ số đánh giá mô hình mà vị trí yêu cầu | Đã xử lý được bài toán dữ liệu mất cân bằng bằng SMOTE — kỹ năng đặc biệt quan trọng với bài toán phát hiện gian lận | Có 2 dự án đúng chủ đề: dự đoán vỡ nợ khách hàng và phân loại giao dịch gian lận thẻ tín dụng","Chưa từng triển khai mô hình lên môi trường chạy thật hay theo dõi mô hình sau khi triển khai — chính ứng viên cũng ghi nhận điều này | Chưa dùng XGBoost, LightGBM ở mức thành thạo và chưa biết công cụ theo dõi thử nghiệm như MLflow | Chưa có kinh nghiệm với Docker hay công cụ điều phối quy trình dữ liệu | Kinh nghiệm thực tập là ở vị trí phân tích dữ liệu bán lẻ, chưa phải kỹ sư học máy","Ứng viên có nền tảng toán, thống kê tốt và đã làm đúng hai bài toán mà công ty fintech quan tâm là chấm điểm rủi ro và phát hiện gian lận. Điểm thiếu là toàn bộ mới ở mức dự án học tập, chưa từng đưa mô hình vào chạy thật, nên tôi hạ nhẹ xuống 78. Vẫn phù hợp với vị trí tuyển người mới."
cv_synthetic_jd_0082_good_fit,synthetic_jd_0082,Frontend Developer,good_fit,0.78,0.864,1.0,85.9,0.55,0.15,0.3,0.0,3,11,93.0,"Đáp ứng gần hết kỹ năng bắt buộc và phần lớn kỹ năng ưu tiên dù mới là sinh viên năm cuối | Đồ án môn học là dashboard giám sát dữ liệu thời gian thực qua WebSocket — đúng sản phẩm giám sát sản xuất của công ty | Đã thực tập bán thời gian 6 tháng, tích hợp API và sửa hơn 20 lỗi giao diện trong dự án thật | Biết viết kiểm thử tự động cho giao diện — kỹ năng nhiều thực tập sinh còn thiếu","Chưa dùng TypeScript và các thư viện quản lý trạng thái như Redux, Zustand | Chưa có kinh nghiệm với dữ liệu từ cảm biến công nghiệp thực tế | Chưa từng tham gia hackathon hay cuộc thi lập trình | Kinh nghiệm mới ở mức thực tập bán thời gian","Hồ sơ thực tập rất tốt: đủ kỹ năng, đã đi làm thật và đặc biệt đồ án dashboard thời gian thực trùng khớp với sản phẩm giám sát nhà máy mà công ty đang xây. Tôi nâng nhẹ lên 93 vì mức độ liên quan của dự án này. Nên nhận thực tập."
cv_synthetic_jd_0082_partial_fit,synthetic_jd_0082,Frontend Developer,partial_fit,0.68,0.445,1.0,74.1,0.55,0.15,0.3,0.0,3,11,80.0,"Nắm vững HTML, CSS, JavaScript và đã tự học ReactJS qua 2 dự án nhỏ | Đã có dự án dùng thư viện vẽ biểu đồ — liên quan đến sản phẩm dashboard của công ty | Biết chuyển thiết kế thành giao diện hiển thị tốt trên nhiều thiết bị | Có tinh thần cầu tiến và cam kết thời gian thực tập nghiêm túc","Mới là sinh viên năm 2, chưa có kinh nghiệm đi làm trong lĩnh vực công nghệ | Chưa từng dùng ReactJS trong dự án nhóm thật hay môi trường chạy thật — chính ứng viên cũng ghi nhận | Chưa quen làm việc nhóm qua Git nhiều người, mới dùng cá nhân | Chưa có kinh nghiệm với dữ liệu thời gian thực, chưa biết TypeScript hay thư viện quản lý trạng thái","Ứng viên có nền tảng lập trình giao diện cơ bản đủ để bắt đầu thực tập, nhưng mới là sinh viên năm 2 và toàn bộ kinh nghiệm là tự học cá nhân. Với dự án dashboard dữ liệu thời gian thực thì cần thời gian làm quen, nên tôi hạ xuống 80. Vẫn có thể cân nhắc nếu công ty kèm cặp."
cv_synthetic_jd_0083_good_fit,synthetic_jd_0083,Cloud Engineer,good_fit,0.696,0.574,1.0,68.4,0.55,0.35,0.1,2.0,3,16,92.0,"3.9 năm kinh nghiệm đúng nghề, có cả chứng chỉ kiến trúc sư đám mây lẫn quản trị Kubernetes | Đã vận hành hệ thống thương mại điện tử xử lý khoảng 2 triệu lượt truy vấn mỗi ngày — quy mô tương đương công ty | Đã quản lý cụm Kubernetes với hơn 15 dịch vụ và giảm 30% chi phí xử lý | Đã chuyển toàn bộ hạ tầng sang dạng mã nguồn, giảm 90% lỗi cấu hình thủ công","Chưa biết ngôn ngữ Go mà mô tả công việc có nhắc tới | Chưa có kinh nghiệm với hàng đợi tin nhắn (Kafka, RabbitMQ) trong kiến trúc phân tán | Chưa từng triển khai hệ thống đa vùng hay kế hoạch phục hồi thảm họa | Chưa có kinh nghiệm trong ngành logistics như đặc thù công ty","Hồ sơ rất sát yêu cầu: đủ số năm, có đủ chứng chỉ và đã vận hành hệ thống ở đúng quy mô mà công ty cần, lại thành thạo cả Kubernetes lẫn hạ tầng dạng mã nguồn. Tôi nâng lên 92 vì kinh nghiệm vận hành hệ thống lưu lượng lớn rất đúng nhu cầu. Nên mời phỏng vấn."
cv_synthetic_jd_0083_partial_fit,synthetic_jd_0083,Cloud Engineer,partial_fit,0.626,0.468,0.667,57.5,0.55,0.35,0.1,2.0,3,16,76.0,"3.7 năm kinh nghiệm quản trị hệ thống, vượt yêu cầu tối thiểu 2 năm | Đã triển khai quy trình tự động hóa việc đưa mã lên hệ thống cho 3 dự án, giảm thời gian còn dưới 10 phút | Đã dùng công cụ hạ tầng dạng mã nguồn và có chứng chỉ đám mây nhập môn | Chủ động tự làm dự án triển khai hệ thống quản lý đơn hàng lên cụm máy chủ để rèn nghề","Kubernetes mới ở mức thử nghiệm và demo, chưa vận hành hệ thống chạy thật — chính ứng viên cũng ghi nhận | Đám mây mới triển khai ở quy mô dự án nhỏ, chưa vận hành hệ thống lớn như nền tảng hàng triệu đơn hàng của công ty | Chưa có kinh nghiệm với hệ thống thu thập log tập trung và chưa biết ngôn ngữ Go | Chỉ có bằng cao đẳng so với yêu cầu đại học của vị trí","Ứng viên có nền tảng quản trị hệ thống vững và đang chuyển dần sang mảng đám mây, nhưng phần Kubernetes và quy mô hệ thống còn cách khá xa yêu cầu. Bằng cấp cũng thấp hơn mức công ty đặt ra, nên tôi hạ xuống 76. Có thể cân nhắc nếu công ty linh hoạt về bằng cấp."
cv_synthetic_jd_0084_good_fit,synthetic_jd_0084,Product Manager (Tech),good_fit,0.745,0.457,1.0,77.7,0.45,0.2,0.35,0.0,3,11,94.0,"Đáp ứng 100% kỹ năng bắt buộc và tiếng Anh TOEIC 780, vượt mức yêu cầu 650 | Đã thực tập 6 tháng đúng nghề phân tích nghiệp vụ, viết tài liệu đặc tả cho 3 module hệ thống quản lý trung tâm ngoại ngữ | Từng đóng vai trò chủ sản phẩm trong đồ án tốt nghiệp về ứng dụng quản lý học tập — đúng lĩnh vực giáo dục của công ty | Có dự án cá nhân nghiên cứu thị trường giáo dục trực tuyến, cho thấy quan tâm thật sự đến ngành","Chưa có chứng chỉ chuyên môn về quản lý sản phẩm mà công ty coi là điểm cộng | Chưa biết SQL và các công cụ phân tích hành vi người dùng như Mixpanel, Amplitude | Không biết tiếng Nhật, trong khi công ty mẹ đặt tại Tokyo | Kinh nghiệm mới ở mức thực tập, chưa làm toàn thời gian","Hồ sơ gần như hoàn hảo cho vị trí tuyển người mới: đúng chuyên ngành, đã thực tập đúng nghề, tiếng Anh tốt và cả đồ án lẫn dự án cá nhân đều xoay quanh lĩnh vực giáo dục mà công ty đang làm. Tôi giữ điểm cao ở mức 94. Nên nhận."
cv_synthetic_jd_0084_poor_fit,synthetic_jd_0084,Product Manager (Tech),poor_fit,0.321,0.354,1.0,56.5,0.45,0.2,0.35,0.0,3,11,64.0,"Có tư duy logic và kỹ năng viết báo cáo kỹ thuật tốt qua nền tảng kỹ thuật cơ khí | Thành thạo Excel ở mức tính toán thông số và lập bảng vật tư | Có bằng đại học và kỹ năng thuyết trình, làm việc nhóm | Đã tiếp xúc với quản lý dự án theo mô hình truyền thống trong sản xuất","Không có kiến thức về quy trình phát triển phần mềm hay mô hình Agile/Scrum | Chưa từng viết tài liệu đặc tả sản phẩm, user story hay use case — công việc chính của vị trí | Không biết dùng Jira, Notion, Trello hay Figma | Chưa có bất kỳ dự án nào về sản phẩm số và tiếng Anh chưa đạt mức yêu cầu","Ứng viên là kỹ sư cơ khí, chưa tiếp xúc với quy trình phát triển phần mềm hay công cụ quản lý sản phẩm nào. Máy chấm cho điểm khá vì các kỹ năng mềm và tư duy logic trùng tên, nên tôi hạ xuống 64. Chưa phù hợp kể cả với vị trí tuyển người mới."
cv_synthetic_jd_0085_good_fit,synthetic_jd_0085,Data Engineer,good_fit,0.686,0.784,1.0,79.5,0.55,0.15,0.3,0.0,3,7,91.0,"Đáp ứng gần đủ kỹ năng bắt buộc, truy vấn dữ liệu ở mức vượt yêu cầu của vị trí thực tập | Đã thực tập bán thời gian 6 tháng, viết script xử lý hơn 50.000 dòng dữ liệu mỗi tháng | Đồ án môn học xây dựng quy trình xử lý dữ liệu cảm biến IoT và lên lịch chạy tự động — đúng bài toán nhà máy của công ty | Đã thực hành xử lý dữ liệu lớn khoảng 1 triệu dòng bằng công cụ chuyên dụng","Chưa có kinh nghiệm với Docker mà công ty coi là điểm cộng | Kinh nghiệm với công cụ điều phối và xử lý dữ liệu lớn mới ở mức đồ án, chưa dùng trong doanh nghiệp | Chưa có kinh nghiệm thực tế trong ngành sản xuất hay hệ thống nhà máy | Chưa có chứng chỉ chuyên môn về kỹ thuật dữ liệu","Hồ sơ thực tập rất tốt: kỹ năng nền vững, đã đi làm thật với khối lượng dữ liệu đáng kể và đồ án về dữ liệu cảm biến IoT lại đúng lĩnh vực sản xuất mà công ty phục vụ. Tôi nâng nhẹ lên 91. Nên nhận thực tập."
cv_synthetic_jd_0085_poor_fit,synthetic_jd_0085,Data Engineer,poor_fit,0.238,0.379,1.0,48.8,0.55,0.15,0.3,0.0,3,7,56.0,"Có 3 năm đi làm, quen phối hợp nhóm và bám tiến độ | Biết dùng Git và GitHub ở mức quản lý phiên bản tệp | Có bằng đại học, đáp ứng yêu cầu bằng cấp và có laptop cá nhân phục vụ công việc","Không biết SQL — kỹ năng bắt buộc quan trọng nhất của công việc kỹ sư dữ liệu | Không biết Python, chưa từng viết script xử lý hay làm sạch dữ liệu | Không có kiến thức về cơ sở dữ liệu quan hệ hay thiết kế cấu trúc bảng | Chưa có bất kỳ dự án nào về xử lý dữ liệu, toàn bộ là thiết kế đồ họa và dựng video","Ứng viên học thiết kế đồ họa, chưa có kỹ năng kỹ thuật nào của nghề kỹ sư dữ liệu kể cả ở mức nhập môn. Máy chấm cho điểm khá vì tính cả bằng cấp và 3 năm đi làm ở ngành khác, nên tôi hạ xuống 56. Chưa phù hợp kể cả với vị trí thực tập."
cv_synthetic_jd_0086_good_fit,synthetic_jd_0086,Security Engineer,good_fit,0.708,0.836,1.0,79.5,0.45,0.45,0.1,7.0,3,20,96.0,"8.4 năm kinh nghiệm bảo mật, trong đó gần 4 năm ở vai trò Lead dẫn dắt và đào tạo 4 kỹ sư — đúng yêu cầu vị trí | Có 5 năm làm đúng ngành ngân hàng số và fintech, nắm cả chuẩn PCI DSS, ISO 27001 lẫn quy định Ngân hàng Nhà nước | Đã trực tiếp xây kiến trúc bảo mật cho nền tảng ngân hàng di động phục vụ hơn 2 triệu người dùng | Có bộ chứng chỉ mạnh (CISSP, CEH, AWS Security) và đã đại diện kỹ thuật trong 3 đợt kiểm toán độc lập",Chưa có chứng chỉ OSCP hay CISM mà công ty liệt kê là điểm cộng | Chưa có kinh nghiệm trực tiếp với hệ thống ngân hàng lõi thương mại như Temenos hay Flexcube | Chưa thấy đề cập kinh nghiệm chuyên sâu về bảo mật cho Kubernetes,"Đây là ứng viên hàng đầu: đủ số năm, đã ở vai trò Lead, làm đúng ngành ngân hàng số và nắm trọn bộ chuẩn tuân thủ mà công ty phải đáp ứng, lại có bằng Thạc sĩ đúng chuyên ngành. Tôi nâng lên 96 vì mức độ trùng khớp gần như tuyệt đối. Nên liên hệ ngay."
cv_synthetic_jd_0086_partial_fit,synthetic_jd_0086,Security Engineer,partial_fit,0.501,0.613,1.0,60.1,0.45,0.45,0.1,7.0,3,20,72.0,"5.8 năm kinh nghiệm bảo mật, đúng chuyên ngành An toàn thông tin | Đã tích hợp quét bảo mật vào quy trình phát triển, giảm 30% lỗ hổng phát hiện ở môi trường chạy thật | Có kinh nghiệm vận hành hệ thống giám sát log tập trung và xử lý sự cố bảo mật thực tế | Đã thiết lập chính sách bảo mật cho hạ tầng đám mây phục vụ cổng thanh toán nội bộ","Thiếu hơn 1 năm so với yêu cầu tối thiểu 7 năm và chưa từng dẫn dắt nhóm 3-5 người | Chưa có kinh nghiệm với các chuẩn PCI DSS, ISO 27001 hay quy định ngành ngân hàng — điểm rất quan trọng với vị trí này | Chưa dùng khung MITRE ATT&CK, chưa có kinh nghiệm với quản lý khóa bằng thiết bị chuyên dụng | Chưa có chứng chỉ cấp cao (CISSP, CEH, OSCP), mới có CompTIA Security+","Ứng viên có nền tảng bảo mật tốt từ mảng thương mại điện tử, nhưng thiếu hai điều cốt lõi của vị trí này là kinh nghiệm dẫn dắt nhóm và hiểu biết về các chuẩn tuân thủ ngành ngân hàng. Tôi hạ xuống 72. Phù hợp hơn với vị trí Senior thuần chuyên môn."
cv_synthetic_jd_0087_good_fit,synthetic_jd_0087,Game Developer,good_fit,0.628,0.755,1.0,71.6,0.5,0.4,0.1,7.0,3,11,94.0,"8 năm kinh nghiệm phát triển game, trong đó 3 năm dẫn dắt nhóm 6 người — vượt yêu cầu 7 năm và đúng vai trò lãnh đạo | Đã làm chính module vòng quay may mắn, nhiệm vụ hằng ngày cho ứng dụng ví điện tử hơn 2 triệu người dùng — trùng khớp với dự án gamification cho sàn thương mại điện tử | Đã tối ưu dung lượng ứng dụng từ 180MB xuống 95MB và giữ tốc độ ổn định trên máy tầm trung | Đã tự dựng quy trình build và phát hành tự động, giảm thời gian từ 2 giờ xuống 25 phút; đã làm trực tiếp với khách hàng Singapore","Chưa có kinh nghiệm với các engine game chạy trên nền web như Phaser hay PixiJS | Chưa thấy đề cập kinh nghiệm chống gian lận cho các game có phần thưởng thật | Chưa từng làm với khách hàng Nhật Bản, mới có kinh nghiệm với Singapore | Chứng chỉ là Unity Certified Programmer, không hoàn toàn trùng với Unity Certified Developer công ty nêu","Hồ sơ khớp gần như hoàn hảo: đủ số năm, đã dẫn dắt nhóm đúng quy mô và đặc biệt đã làm chính loại sản phẩm gamification tích hợp vào ứng dụng thương mại mà công ty đang tuyển. Tôi nâng lên 94 vì mức độ trùng khớp của kinh nghiệm này rất hiếm. Nên liên hệ ngay."
cv_synthetic_jd_0087_poor_fit,synthetic_jd_0087,Game Developer,poor_fit,0.357,0.24,1.0,37.4,0.5,0.4,0.1,7.0,3,11,44.0,"Có 2.9 năm kinh nghiệm lập trình chuyên nghiệp, quen quy trình làm việc nhóm và rà soát mã nguồn | Đã hướng dẫn 2 nhân sự ít kinh nghiệm hơn trong nhóm | Có bằng đại học đúng ngành và kỹ năng giao tiếp tốt | Đã tự làm một mini game trên nền web để tìm hiểu logic game cơ bản","Chưa từng dùng Unity3D — engine chính và bắt buộc của toàn bộ công việc | C# mới ở mức khóa học ngắn hạn, chưa áp dụng vào dự án thực tế nào | Chưa có kinh nghiệm tối ưu hiệu năng game hay tích hợp bộ công cụ quảng cáo, phân tích | Chỉ có 2.9 năm kinh nghiệm lập trình web so với yêu cầu 7 năm làm game","Đây là vị trí cấp cao cần người thiết kế kiến trúc game và dẫn dắt nhóm 4-6 người, nhưng ứng viên là lập trình viên giao diện web chưa từng dùng Unity. Việc tự làm mini game trên trình duyệt không thay thế được kinh nghiệm phát triển game chuyên nghiệp, nên tôi hạ xuống 44. Hồ sơ không phù hợp."
cv_synthetic_jd_0088_good_fit,synthetic_jd_0088,Mobile Developer (Android),good_fit,0.772,0.782,1.0,79.8,0.55,0.35,0.1,4.0,3,15,95.0,"Đáp ứng 100% kỹ năng bắt buộc và có 6 năm kinh nghiệm, vượt yêu cầu tối thiểu 4 năm | Có kinh nghiệm hiếm và rất đúng nhu cầu: kết nối thiết bị đo lường qua Bluetooth và cổng USB, xử lý dữ liệu thời gian thực qua MQTT | Đã làm đúng ngành sản xuất: ứng dụng giám sát dây chuyền dệt may và quản lý kho vận, tối ưu cho máy quét cầm tay công nghiệp | Đã hướng dẫn 2 lập trình viên ít kinh nghiệm hơn và tự thiết lập quy trình phát hành tự động, giảm thời gian từ 40 xuống 12 phút","Chưa dùng Jetpack Compose mà công ty coi là điểm cộng | Không biết tiếng Nhật, trong khi phải làm việc trực tiếp với kỹ sư Nhật Bản | Chưa từng chính thức giữ chức danh Team Lead, dù đã hướng dẫn nhân sự | Chưa có chứng chỉ Google Associate Android Developer","Đây là hồ sơ gần như đo ni đóng giày: đủ toàn bộ kỹ năng bắt buộc, đúng ngành sản xuất và đặc biệt đã có kinh nghiệm kết nối thiết bị công nghiệp qua Bluetooth — thứ rất ít lập trình viên di động có. Tôi nâng lên 95. Nên liên hệ ngay."
cv_synthetic_jd_0088_partial_fit,synthetic_jd_0088,Mobile Developer (Android),partial_fit,0.686,0.665,1.0,71.0,0.55,0.35,0.1,4.0,3,15,73.0,"5.4 năm kinh nghiệm đúng nghề, vượt yêu cầu tối thiểu 4 năm | Thành thạo Kotlin và bộ thư viện Android hiện đại, đã giảm 30% lỗi treo ứng dụng ở dự án 200.000 người dùng | Đã tích hợp máy in qua Bluetooth và chức năng quét mã vạch trong dự án thật | Có kinh nghiệm hướng dẫn nhân sự ít kinh nghiệm hơn và làm việc theo quy trình sprint","Chưa có kinh nghiệm với Bluetooth năng lượng thấp hay giao tiếp thiết bị qua cổng USB — chính ứng viên cũng ghi nhận, mà đây là yêu cầu bắt buộc | Chưa từng dùng giao thức MQTT cho dữ liệu thời gian thực từ thiết bị công nghiệp | Chưa có kinh nghiệm trong ngành sản xuất hay với thiết bị công nghiệp chuyên dụng | Không biết tiếng Nhật, hạn chế khi làm việc với kỹ sư Nhật Bản","Ứng viên có nền tảng Android rất vững và đủ số năm, nhưng thiếu hẳn mảng kết nối thiết bị công nghiệp — vốn là điểm đặc thù quan trọng nhất của vị trí này. Kinh nghiệm hiện tại là ứng dụng thương mại chứ không phải nhà máy, nên tôi hạ xuống 73. Có thể cân nhắc nếu công ty chấp nhận đào tạo."
cv_synthetic_jd_0089_good_fit,synthetic_jd_0089,QA Automation Engineer,good_fit,0.683,0.466,1.0,76.1,0.5,0.15,0.35,0.0,2,16,90.0,"Đúng chuyên ngành kỹ thuật phần mềm, nắm chắc cả quy trình kiểm thử lẫn nền tảng lập trình Java | Đã thực tập 6 tháng đúng nghề, viết test case cho hệ thống thương mại điện tử và báo lỗi qua Jira | Đã tự xây bộ kiểm thử tự động theo mô hình chuẩn với báo cáo kết quả — đúng hướng phát triển của vị trí | Đồ án tốt nghiệp gồm 60+ test case cùng script tự động, cho thấy năng lực thực hành rõ ràng","Chưa từng dùng Redmine mà mô tả công việc nhắc tới, mới quen Jira và TestRail | Chưa biết JavaScript hay C#, chỉ mới có Java và Python cơ bản | Chưa có chứng chỉ ISTQB và chưa dùng Cypress hay Playwright | Chưa từng làm dự án cho khách hàng nước ngoài như đặc thù công ty gia công","Hồ sơ rất tốt cho vị trí tuyển người mới: đúng ngành, đã thực tập đúng nghề và đặc biệt đã tự viết được bộ kiểm thử tự động hoàn chỉnh — điều hiếm ở sinh viên mới ra trường. Tôi nâng nhẹ lên 90. Nên mời phỏng vấn."
cv_synthetic_jd_0089_poor_fit,synthetic_jd_0089,QA Automation Engineer,poor_fit,0.311,0.3,1.0,55.0,0.5,0.15,0.35,0.0,2,16,63.0,"Tính cẩn thận, tỉ mỉ được rèn qua công việc kế toán — phẩm chất quan trọng với nghề kiểm thử | Biết Python cơ bản và đã dùng thư viện xử lý dữ liệu trong dự án cá nhân | Có bằng đại học, cao hơn mức bằng cấp tối thiểu vị trí yêu cầu | Biết dùng Git ở mức cơ bản và có tinh thần tự học","Không có kiến thức nào về kiểm thử phần mềm: chưa biết quy trình, các loại kiểm thử hay cách viết test case | Chưa từng dùng Jira, Redmine hay bất kỳ công cụ quản lý lỗi nào | Không biết HTML, CSS và cách một trang web hoạt động | Toàn bộ 1.9 năm kinh nghiệm là kế toán và bán hàng, không liên quan đến phần mềm","Ứng viên học kế toán và có sự tỉ mỉ phù hợp với nghề kiểm thử, nhưng chưa có kiến thức nền nào về phần mềm hay quy trình kiểm thử. Máy chấm cho điểm khá vì Python và các kỹ năng mềm trùng tên với yêu cầu, nên tôi hạ xuống 63. Cần học bổ sung nhiều trước khi ứng tuyển."
cv_synthetic_jd_0090_partial_fit,synthetic_jd_0090,Database Administrator,partial_fit,0.756,0.481,1.0,77.6,0.6,0.15,0.25,0.0,3,11,86.0,"Nắm chắc gần đủ kỹ năng bắt buộc: truy vấn dữ liệu, chuẩn hóa, chỉ mục, giao dịch và các nguyên tắc toàn vẹn dữ liệu | Đã thực tập thật, kiểm tra và tối ưu truy vấn cho hệ thống quản lý bán hàng nội bộ | Đồ án môn học thiết kế cơ sở dữ liệu chuẩn hóa với các truy vấn phức tạp | Đã tự thực hành tạo bộ dữ liệu 100.000 dòng để so sánh hiệu năng trước và sau khi tối ưu","PostgreSQL mới ở mức lý thuyết, chưa thực hành nhiều — chính ứng viên cũng ghi nhận | Chưa có kinh nghiệm với dữ liệu giao dịch tài chính hay các yêu cầu bảo mật đặc thù ngành fintech | Chưa biết Redis, Docker mà công ty coi là điểm cộng | Kinh nghiệm thực tập mới 3 tháng và ở lĩnh vực bán hàng, không phải tài chính","Ứng viên có nền tảng cơ sở dữ liệu chắc và đã tự thực hành tối ưu truy vấn, đủ để bắt đầu ở vị trí tuyển người mới. Điểm trừ là chưa từng làm với dữ liệu tài chính đòi hỏi độ chính xác và bảo mật cao, nên tôi hạ nhẹ xuống 86. Vẫn là hồ sơ tốt."
cv_synthetic_jd_0090_poor_fit,synthetic_jd_0090,Database Administrator,poor_fit,0.208,0.36,1.0,42.9,0.6,0.15,0.25,0.0,3,11,46.0,"Có bằng đại học, đáp ứng yêu cầu bằng cấp của vị trí | Có 3.4 năm đi làm, quen tự quản lý nhiều đầu việc cùng lúc và bám deadline | Cẩn thận và có tư duy sáng tạo, biết dùng Git ở mức cơ bản","Không biết SQL — kỹ năng bắt buộc và cơ bản nhất của công việc quản trị cơ sở dữ liệu | Không nắm các khái niệm nền tảng như chuẩn hóa, chỉ mục, giao dịch hay toàn vẹn dữ liệu | Chưa từng dùng MySQL, PostgreSQL hay thao tác dòng lệnh trên Linux | Toàn bộ kinh nghiệm là thiết kế đồ họa và dựng video, không liên quan đến hệ thống dữ liệu","Ứng viên làm thiết kế đồ họa, chưa có kiến thức nào về cơ sở dữ liệu kể cả ở mức nhập môn — trong khi đây là toàn bộ nội dung công việc và lại làm với dữ liệu tài chính nhạy cảm. Tôi hạ xuống 46. Hồ sơ không phù hợp."
cv_synthetic_jd_0091_good_fit,synthetic_jd_0091,Data Scientist,good_fit,0.803,0.545,1.0,82.3,0.55,0.15,0.3,0.0,3,11,95.0,"Đúng chuyên ngành Khoa học Dữ liệu, đáp ứng 100% kỹ năng bắt buộc | Đồ án tốt nghiệp là mô hình dự đoán giá nhà đất TP.HCM từ hơn 15.000 tin rao bán, đạt R² 0.87 — chính là bài toán định giá tự động mà công ty đang xây | Đã tự crawl và làm sạch dữ liệu bất động sản thật, đúng công việc hằng ngày của vị trí | Đã thực tập 6 tháng, viết script tự động hóa giúp giảm 70% thời gian xử lý dữ liệu thủ công","Chưa có kinh nghiệm với Tableau và chưa từng tham gia cuộc thi Kaggle | Kiến thức về thị trường bất động sản mới ở mức qua đồ án, chưa có kinh nghiệm nghiệp vụ thực tế | Chưa từng phối hợp với đội lập trình để đưa mô hình vào hệ thống chạy thật","Đây là ứng viên gần như hoàn hảo cho vị trí: đúng chuyên ngành, đủ toàn bộ kỹ năng và đồ án tốt nghiệp lại chính là bài toán định giá bất động sản mà công ty đang phát triển. Tôi nâng nhẹ lên 95. Nên nhận ngay."
cv_synthetic_jd_0091_poor_fit,synthetic_jd_0091,Data Scientist,poor_fit,0.227,0.385,1.0,48.3,0.55,0.15,0.3,0.0,3,11,52.0,"Có bằng đại học, đáp ứng yêu cầu bằng cấp của vị trí | Có tư duy thẩm mỹ và khả năng trình bày trực quan tốt | Đã đi làm gần 1 năm, quen quy trình và deadline trong doanh nghiệp | Biết dùng Git ở mức cơ bản",Không biết Python và chưa từng dùng bất kỳ thư viện xử lý dữ liệu nào | Không có kiến thức về học máy hay các chỉ số đánh giá mô hình | Không biết SQL và chưa từng phân tích dữ liệu ở mức chuyên môn | Chưa có bất kỳ đồ án hay dự án nào về phân tích dữ liệu — đây là yêu cầu bắt buộc,"Ứng viên học thiết kế đồ họa, chưa có nền tảng lập trình hay học máy nào trong khi vị trí này yêu cầu rõ phải có đồ án về phân tích dữ liệu. Máy chấm bị đẩy điểm lên bởi bằng cấp và số năm đi làm ở ngành khác, nên tôi hạ xuống 52. Hồ sơ không phù hợp."
cv_synthetic_jd_0092_partial_fit,synthetic_jd_0092,MLOps Engineer,partial_fit,0.567,0.451,1.0,55.3,0.5,0.42,0.08,7.0,3,20,72.0,"5.4 năm kinh nghiệm vận hành hệ thống, thành thạo Docker, Kubernetes và có cả hai chứng chỉ đám mây, Kubernetes | Đã đóng gói và triển khai 4 mô hình học máy thành dịch vụ, phối hợp trực tiếp với đội khoa học dữ liệu | Có kinh nghiệm với hạ tầng dạng mã nguồn và tối ưu chi phí đám mây, giảm ~20% chi phí xử lý | Đã chủ động tự học quy trình vận hành mô hình và thử nghiệm kho đặc trưng để bù đắp phần còn thiếu","Thiếu hơn 1.5 năm so với yêu cầu tối thiểu 7 năm và chưa từng dẫn dắt nhóm 2-3 người | Chưa triển khai giám sát trôi dạt mô hình và dữ liệu chuyên sâu — chính ứng viên cũng ghi nhận, mà đây là yêu cầu cốt lõi | Chưa dùng các nền tảng học máy chuyên dụng như SageMaker hay Vertex AI | Chưa có kinh nghiệm với PyTorch, DVC hay các công cụ theo dõi thử nghiệm ngoài MLflow","Ứng viên có nền tảng vận hành hệ thống rất vững và đã bắt đầu chuyển sang mảng hạ tầng cho học máy, nhưng còn thiếu số năm, chưa từng dẫn dắt nhóm và chưa làm được phần giám sát mô hình chuyên sâu. Tôi hạ xuống 72. Phù hợp hơn với vị trí thấp hơn một bậc."
cv_synthetic_jd_0092_poor_fit,synthetic_jd_0092,MLOps Engineer,poor_fit,0.164,0.227,0.667,23.1,0.5,0.42,0.08,7.0,3,20,35.0,"Có 4.5 năm kinh nghiệm làm việc, quen phối hợp với lập trình viên và khách hàng | Biết HTML, CSS, JavaScript cơ bản và dùng Git để quản lý mã nguồn | Có kỹ năng giao tiếp và quản lý thời gian tốt","Không biết Python, TensorFlow, PyTorch hay bất kỳ công cụ học máy nào — nền tảng bắt buộc của vị trí | Không có kinh nghiệm với Docker, Kubernetes hay hạ tầng đám mây | Chưa từng làm việc với quy trình triển khai và giám sát mô hình học máy | Chỉ có bằng cao đẳng và 4.5 năm kinh nghiệm thiết kế so với yêu cầu đại học và 7 năm chuyên môn","Ứng viên làm thiết kế giao diện, không có bất kỳ kỹ năng nào thuộc nhóm bắt buộc trong khi đây là vị trí cấp cao cần định hướng kỹ thuật cho cả hạ tầng trí tuệ nhân tạo của công ty. Tôi hạ xuống 35 vì khoảng cách là rất lớn. Hồ sơ hoàn toàn không phù hợp."
cv_synthetic_jd_0093_partial_fit,synthetic_jd_0093,Business Analyst (IT),partial_fit,0.459,0.57,1.0,55.8,0.5,0.4,0.1,4.0,3,21,70.0,"3.9 năm kinh nghiệm phân tích nghiệp vụ, gần đạt mức 4 năm tối thiểu và đúng nghề | Thành thạo viết tài liệu yêu cầu, vẽ sơ đồ quy trình và biểu đồ ca sử dụng theo chuẩn | Đã làm dự án quản lý kho (WMS) — một trong các hệ thống công ty triển khai | Tiếng Anh TOEIC 780, đủ để trao đổi và viết tài liệu với khách hàng nước ngoài","Chưa từng triển khai dự án ERP quy mô lớn (SAP, Oracle, Dynamics) — chính ứng viên cũng ghi nhận, mà đây là yêu cầu bắt buộc | Chưa có kinh nghiệm với hệ thống điều hành sản xuất và các nghiệp vụ nhà máy như kế hoạch sản xuất, kiểm soát chất lượng | Chưa biết viết truy vấn dữ liệu để kiểm tra số liệu như vị trí yêu cầu | Chưa từng làm việc với khách hàng Nhật, Mỹ hay châu Âu và không biết tiếng Nhật","Ứng viên có nền tảng phân tích nghiệp vụ tốt và kỹ năng viết tài liệu chuẩn, nhưng toàn bộ kinh nghiệm là ở hệ thống quản lý nội bộ quy mô vừa trong nước. Hai khoảng trống lớn là chưa từng làm ERP và chưa hiểu nghiệp vụ sản xuất, nên tôi hạ xuống 70. Cần cân nhắc kỹ về khả năng bắt nhịp."
cv_synthetic_jd_0093_poor_fit,synthetic_jd_0093,Business Analyst (IT),poor_fit,0.19,0.037,1.0,21.0,0.5,0.4,0.1,4.0,3,21,37.0,"Có kỹ năng vẽ giao diện và dựng bản mẫu tốt bằng Figma, hữu ích khi minh họa yêu cầu | Có bằng đại học, đáp ứng yêu cầu bằng cấp của vị trí | Đã làm việc theo quy trình sprint cùng nhóm thiết kế trong kỳ thực tập","Chưa từng làm phân tích nghiệp vụ, chưa viết tài liệu yêu cầu hay vẽ sơ đồ quy trình | Không có kiến thức nào về ERP, hệ thống điều hành sản xuất hay quản lý kho | Không hiểu các nghiệp vụ sản xuất như kế hoạch sản xuất, tồn kho, mua hàng, chuỗi cung ứng | Chỉ có 6 tháng thực tập thiết kế so với yêu cầu 4-7 năm kinh nghiệm phân tích nghiệp vụ","Đây là vị trí cấp cao cần người hiểu sâu nghiệp vụ sản xuất và từng triển khai hệ thống ERP, nhưng ứng viên mới ra trường và làm thiết kế giao diện. Khoảng cách về cả kinh nghiệm lẫn chuyên môn là rất lớn, nên tôi hạ xuống 37. Hồ sơ không phù hợp."
cv_synthetic_jd_0094_partial_fit,synthetic_jd_0094,Security Engineer,partial_fit,0.585,0.526,1.0,69.8,0.5,0.2,0.3,0.0,3,18,78.0,"Có nền tảng mạng và các lỗ hổng web phổ biến, đã thực hành hơn 30 phòng lab trên nền tảng học bảo mật | Đã tự viết công cụ quét lỗ hổng bằng Python và làm đồ án hệ thống phát hiện xâm nhập đạt 9/10 | Đã thực tập thật, cấu hình tường lửa cơ bản và rà soát log đăng nhập bất thường | Có nền tảng lập trình Python và Java tốt, thuận lợi cho việc rà soát mã nguồn tìm lỗi bảo mật","Chưa từng dùng Nessus, OpenVAS hay hệ thống giám sát an ninh tập trung — chính ứng viên cũng ghi nhận, mà đây là công việc hằng ngày | Chưa có kinh nghiệm thực tế với dịch vụ đám mây AWS/GCP mà công ty đang vận hành | Chưa dùng Wireshark, Metasploit và chưa có kiến thức về mã hóa, hạ tầng khóa công khai | Chưa có chứng chỉ bảo mật và chưa từng thi đấu CTF","Ứng viên có nền tảng bảo mật tự học khá tốt và có sản phẩm cụ thể để chứng minh, nhưng chưa dùng các công cụ quét lỗ hổng và giám sát tập trung mà công ty sử dụng hằng ngày. Kinh nghiệm đám mây cũng chưa có, nên tôi hạ xuống 78. Vẫn đáng cân nhắc cho vị trí tuyển người mới."
cv_synthetic_jd_0094_poor_fit,synthetic_jd_0094,Security Engineer,poor_fit,0.169,0.367,1.0,45.8,0.5,0.2,0.3,0.0,3,18,54.0,"Có 3.5 năm đi làm, quen tự quản lý nhiều việc cùng lúc và bám deadline | Có bằng đại học, đáp ứng yêu cầu bằng cấp của vị trí | Biết dùng Git ở mức cơ bản và có tinh thần tự học","Không có kiến thức nào về mạng máy tính, mã hóa hay các loại tấn công phổ biến | Chưa từng dùng bất kỳ công cụ bảo mật nào như Burp Suite, Nmap, Wireshark hay Metasploit | Không biết thao tác dòng lệnh Linux và chưa từng phân tích log hệ thống | Toàn bộ kinh nghiệm là thiết kế đồ họa và làm việc tự do, không liên quan","Ứng viên làm thiết kế đồ họa, chưa có nền tảng nào về an toàn thông tin trong khi đây là toàn bộ nội dung công việc. Máy chấm bị đẩy điểm lên bởi bằng cấp và 3.5 năm đi làm ở ngành khác, nên tôi hạ xuống 54. Hồ sơ không phù hợp."
cv_synthetic_jd_0095_good_fit,synthetic_jd_0095,Game Developer,good_fit,0.767,0.631,1.0,74.9,0.6,0.3,0.1,2.0,2,16,92.0,"4.5 năm kinh nghiệm phát triển game Unity, vượt yêu cầu tối thiểu 2 năm | Đã tích hợp đủ bộ công cụ mà công ty liệt kê: Firebase, AppsFlyer, AdMob, IronSource và mua hàng trong ứng dụng | Đã tự phát hành game lên cả hai chợ ứng dụng và giảm được tỷ lệ lỗi treo từ 4% xuống dưới 1% | Có kinh nghiệm tối ưu hiệu năng thật: giảm 35% số lệnh vẽ và 40% dung lượng tải ban đầu","Chưa có kinh nghiệm với game có yếu tố vận hành sự kiện, hệ thống quay thưởng mà công ty ưu tiên | Chưa từng làm với xử lý phía máy chủ cho game như Node.js, Photon hay PlayFab | Chưa viết kiểm thử tự động cho logic game | Chưa từng làm ở môi trường startup, mới ở công ty có quy trình ổn định","Hồ sơ rất sát yêu cầu: đủ số năm, thành thạo Unity và đã làm trọn vẹn vòng đời một game từ phát triển đến phát hành, tích hợp đúng bộ công cụ công ty dùng. Tôi nâng lên 92 vì kinh nghiệm tối ưu hiệu năng và xử lý báo cáo lỗi rất đúng nhu cầu. Nên mời phỏng vấn."
cv_synthetic_jd_0095_poor_fit,synthetic_jd_0095,Game Developer,poor_fit,0.212,0.508,1.0,38.0,0.6,0.3,0.1,2.0,2,16,48.0,"Có 2.4 năm kinh nghiệm lập trình chuyên nghiệp, đủ mức số năm tối thiểu vị trí yêu cầu | Quen quy trình làm việc nhóm, họp sprint và rà soát mã nguồn | Đã tự làm một mini game trên trình duyệt để tìm hiểu logic game cơ bản | Có bằng đại học đúng ngành và tinh thần học hỏi nhanh","Chưa từng dùng Unity3D — engine chính và bắt buộc của toàn bộ công việc | C# mới ở mức khóa học ngắn hạn, chưa áp dụng vào dự án thực tế nào | Chưa từng tối ưu hiệu năng game hay tích hợp bộ công cụ quảng cáo, phân tích | Chưa từng phát hành game lên chợ ứng dụng, đây là yêu cầu bắt buộc của vị trí","Ứng viên là lập trình viên giao diện web, chưa từng dùng Unity trong khi vị trí này yêu cầu rõ đã từng phát hành ít nhất một sản phẩm game. Mini game trên trình duyệt không thay thế được kinh nghiệm phát triển game di động, nên tôi hạ xuống 48. Hồ sơ không phù hợp."
cv_synthetic_jd_0096_good_fit,synthetic_jd_0096,Data Engineer,good_fit,0.667,0.58,1.0,75.4,0.55,0.15,0.3,0.0,3,10,93.0,"Đáp ứng gần đủ kỹ năng bắt buộc và phần lớn kỹ năng ưu tiên dù mới ra trường | Đồ án tốt nghiệp là hệ thống thu thập và xử lý dữ liệu bất động sản dùng đúng bộ công cụ công ty cần, đạt loại Giỏi | Đã thực tập 4 tháng đúng nghề: xây quy trình thu thập dữ liệu, kiểm tra chất lượng và viết tài liệu luồng dữ liệu | Đã dùng thật công cụ điều phối tự động và biết đóng gói ứng dụng bằng Docker","Chưa có kinh nghiệm với Spark, Hadoop hay dịch vụ dữ liệu trên đám mây | Chưa từng dùng công cụ Talend mà mô tả công việc nhắc tới | Chưa có chứng chỉ chuyên môn về dữ liệu hay đám mây | Chưa có kinh nghiệm với thị trường bất động sản nước ngoài như khách hàng của công ty",Hồ sơ rất phù hợp với vị trí tuyển người mới: đã thực tập đúng nghề và đồ án tốt nghiệp lại chính là hệ thống xử lý dữ liệu bất động sản — trùng khớp với lĩnh vực proptech của công ty. Tôi nâng nhẹ lên 93. Nên mời phỏng vấn.
cv_synthetic_jd_0096_poor_fit,synthetic_jd_0096,Data Engineer,poor_fit,0.23,0.438,1.0,49.2,0.55,0.15,0.3,0.0,3,10,53.0,"Có bằng đại học, đáp ứng yêu cầu bằng cấp của vị trí | Có 2.5 năm đi làm, quen phối hợp nhóm và bám tiến độ dự án | Cẩn thận, có kỹ năng thuyết trình và quản lý thời gian tốt","Không biết SQL và Python — hai kỹ năng bắt buộc quan trọng nhất, chính ứng viên cũng ghi rõ trong hồ sơ | Không có kiến thức về cơ sở dữ liệu quan hệ hay quy trình xử lý dữ liệu | Chưa có bất kỳ đồ án hay dự án nào về xử lý, phân tích dữ liệu | Toàn bộ kinh nghiệm là thiết kế đồ họa và dựng video, không liên quan","Ứng viên học thiết kế đồ họa và tự ghi rõ chưa có kinh nghiệm lập trình Python hay SQL chuyên sâu — trong khi đây là nền tảng bắt buộc của công việc. Máy chấm bị đẩy điểm lên bởi bằng cấp và số năm đi làm, nên tôi hạ xuống 53. Hồ sơ không phù hợp."
cv_synthetic_jd_0097_good_fit,synthetic_jd_0097,DevOps Engineer,good_fit,0.792,0.62,1.0,75.3,0.55,0.35,0.1,2.0,3,19,93.0,"4.4 năm kinh nghiệm đúng nghề, đã quản lý hạ tầng cho 6 sản phẩm dịch vụ phần mềm phục vụ hơn 50.000 người dùng | Có đủ hai chứng chỉ mà công ty ưu tiên: kiến trúc sư đám mây và quản trị Kubernetes | Đã vận hành cụm Kubernetes cho hệ thống dùng chung nhiều khách hàng — đúng đặc thù sản phẩm của công ty | Đã trực hỗ trợ luân phiên, viết báo cáo sự cố và tối ưu chi phí đám mây tiết kiệm 18% mỗi năm","Chưa dùng Ansible mà mô tả công việc nhắc tới, dù đã thành thạo Terraform | Chưa có kinh nghiệm với quy trình vận hành theo mô hình GitOps | Chưa từng làm trong môi trường gia công với khách hàng quốc tế trực tiếp | Chưa có kinh nghiệm với lưới dịch vụ hay triển khai đa vùng","Hồ sơ rất sát yêu cầu: đủ số năm, có đủ chứng chỉ và đặc biệt đã vận hành đúng loại sản phẩm dịch vụ phần mềm dùng chung nhiều khách hàng mà công ty đang làm. Tôi nâng lên 93 vì kinh nghiệm trực hỗ trợ và tối ưu chi phí rất đúng nhu cầu. Nên mời phỏng vấn."
cv_synthetic_jd_0097_partial_fit,synthetic_jd_0097,DevOps Engineer,partial_fit,0.666,0.434,1.0,61.8,0.55,0.35,0.1,2.0,3,19,80.0,"3.3 năm kinh nghiệm đúng nghề, vượt yêu cầu tối thiểu 2 năm | Đã xây quy trình triển khai tự động cho đội 8 người, giảm thời gian đưa mã lên hệ thống từ 30 xuống 5 phút | Đã đóng gói toàn bộ ứng dụng bằng Docker và thiết lập hệ thống giám sát với cảnh báo tự động | Có chứng chỉ đám mây nhập môn và 3 dự án cá nhân đúng hướng, gồm cả hệ thống thu thập log tập trung","Kubernetes mới ở mức thử nghiệm trên môi trường demo, chưa vận hành hệ thống chạy thật — chính ứng viên cũng ghi nhận | Toàn bộ kinh nghiệm là hệ thống nội bộ dùng riêng, chưa từng làm sản phẩm dịch vụ phần mềm dùng chung nhiều khách hàng | Chưa có kinh nghiệm trực hỗ trợ 24/7, mới xử lý sự cố trong giờ hành chính | Chưa dùng Ansible, công cụ quản lý bí mật hay GCP mà công ty yêu cầu","Ứng viên có nền tảng vận hành hệ thống khá tốt và đủ số năm, nhưng Kubernetes mới ở mức demo và chưa từng làm sản phẩm dịch vụ phần mềm phục vụ nhiều khách hàng — hai điểm quan trọng của vị trí. Tôi hạ xuống 80. Vẫn đáng phỏng vấn."
cv_synthetic_jd_0098_good_fit,synthetic_jd_0098,MLOps Engineer,good_fit,0.679,0.813,1.0,75.8,0.55,0.35,0.1,2.0,3,18,92.0,"4.4 năm kinh nghiệm, vượt yêu cầu tối thiểu 2 năm và đúng vai trò vận hành hệ thống học máy | Đã xây quy trình tự động cho hơn 15 mô hình phục vụ chấm điểm tín dụng — đúng lĩnh vực fintech của công ty | Đã triển khai giám sát trôi dạt mô hình và dữ liệu, phát hiện sớm 3 trường hợp suy giảm hiệu năng | Có cả hai chứng chỉ mà công ty ưu tiên và đã nắm chuẩn bảo mật PCI-DSS của ngành tài chính","Chưa dùng Kubeflow, Weights & Biases hay Azure ML mà mô tả công việc nhắc tới | Chưa có kinh nghiệm với Prefect và các công cụ giám sát chuyên biệt khác ngoài Evidently AI | Chưa từng làm trong môi trường gia công với khách hàng nước ngoài trực tiếp | Kinh nghiệm với GCP mới ở mức cơ bản","Hồ sơ rất sát yêu cầu: đủ số năm, làm đúng lĩnh vực fintech với bài toán chấm điểm tín dụng và đã triển khai được phần giám sát mô hình — vốn là yêu cầu khó nhất của vị trí. Tôi nâng lên 92 vì mức độ trùng khớp cao. Nên mời phỏng vấn."
cv_synthetic_jd_0098_poor_fit,synthetic_jd_0098,MLOps Engineer,poor_fit,0.164,0.285,1.0,29.0,0.55,0.35,0.1,2.0,3,18,41.0,"Có bằng đại học, đáp ứng yêu cầu bằng cấp của vị trí | Có 1.9 năm đi làm, quen phối hợp nhóm và quản lý tiến độ | Biết HTML/CSS cơ bản và dùng Git ở mức quản lý phiên bản","Không biết Python hay bất kỳ thư viện học máy nào — nền tảng bắt buộc của vị trí | Không có kinh nghiệm với Docker, Kubernetes hay hạ tầng đám mây | Chưa từng làm việc với quy trình triển khai, theo dõi mô hình học máy | Kinh nghiệm 1.9 năm thiết kế đồ họa còn thấp hơn mức 2 năm yêu cầu và không liên quan","Ứng viên làm thiết kế đồ họa, không có bất kỳ kỹ năng kỹ thuật nào của vị trí vận hành hệ thống học máy. Tôi hạ xuống 41 vì điểm bằng cấp và số năm đi làm đang che lấp khoảng trống chuyên môn gần như hoàn toàn. Hồ sơ không phù hợp."
cv_synthetic_jd_0099_good_fit,synthetic_jd_0099,System Administrator,good_fit,0.813,0.751,1.0,84.4,0.5,0.25,0.25,0.0,2,13,92.0,"1.8 năm kinh nghiệm đúng nghề, đã quản trị 8 máy chủ Linux chạy website và ứng dụng nội bộ thật | Đáp ứng gần hết cả kỹ năng bắt buộc lẫn ưu tiên, có sẵn hai chứng chỉ mà công ty mong muốn | Đã làm đúng quy mô công ty cần: hỗ trợ hệ thống mạng cho khoảng 25 nhân viên startup | Đã phối hợp với đội lập trình triển khai ứng dụng và tự dựng hệ thống giám sát có cảnh báo","Chưa có kinh nghiệm trong ngành thương mại điện tử như đặc thù công ty | Kinh nghiệm với Docker mới ở mức cơ bản | Chưa biết viết script Python để tự động hóa, mới quen Bash | Chỉ có bằng cao đẳng, dù vị trí chấp nhận mức này","Hồ sơ rất phù hợp: đã làm đúng công việc quản trị hệ thống ở quy mô startup tương đương, có đủ chứng chỉ và còn tự dựng được hệ thống giám sát. Tôi nâng nhẹ lên 92 vì kinh nghiệm thực tế rất sát với những gì công ty cần làm hằng ngày. Nên mời phỏng vấn."
cv_synthetic_jd_0099_poor_fit,synthetic_jd_0099,System Administrator,poor_fit,0.258,0.353,1.0,46.7,0.5,0.25,0.25,0.0,2,13,57.0,"Có bằng đại học, cao hơn mức bằng cấp tối thiểu vị trí yêu cầu | Có 1.9 năm đi làm, quen phối hợp nhóm và bám deadline | Biết dùng Git và có khả năng tự học phần mềm mới nhanh | Biết HTML/CSS cơ bản","Không biết Linux hay Windows Server — hai nền tảng chính của công việc quản trị hệ thống | Không có kiến thức về mạng máy tính, tường lửa hay các dịch vụ nền như DNS, DHCP | Chưa từng dùng dịch vụ đám mây hay thực hiện sao lưu, khôi phục dữ liệu | Toàn bộ kinh nghiệm là thiết kế đồ họa và làm việc tự do, không liên quan","Ứng viên làm thiết kế đồ họa, chưa có kỹ năng kỹ thuật nào của nghề quản trị hệ thống kể cả ở mức nhập môn. Máy chấm cho điểm khá vì bằng cấp và số năm đi làm ở ngành khác, nên tôi hạ xuống 57. Hồ sơ không phù hợp."
cv_synthetic_jd_0100_good_fit,synthetic_jd_0100,Game Developer,good_fit,0.633,0.509,1.0,68.2,0.6,0.2,0.2,0.0,2,10,85.0,"Đúng chuyên ngành Phát triển Game, thành thạo C# và Unity Engine — hai kỹ năng cốt lõi của vị trí | Đã tự phát hành một game hyper-casual lên Google Play, đúng thể loại mà studio đang làm | Đã thực tập 6 tháng thật, tích hợp quảng cáo và công cụ phân tích, giảm 15% tỷ lệ lỗi treo ứng dụng | Có kinh nghiệm tối ưu dung lượng build (giảm từ 180MB xuống 95MB) qua đồ án tốt nghiệp đạt 9.0/10","Chưa dùng IronSource và GameAnalytics mà mô tả công việc nhắc tới | Chưa có kinh nghiệm chuyên sâu với game 2D, Sprite Atlas hay Tilemap mà công ty ưu tiên | Chưa từng dùng engine khác như Cocos2d-x hay Godot | Kinh nghiệm chính thức mới ở mức thực tập 6 tháng",Ứng viên đã tự phát hành được một game lên chợ ứng dụng và có cả kinh nghiệm thực tập đúng thể loại hyper-casual mà studio đang phát triển — điều hiếm ở người mới ra trường. Tôi nâng lên 85 vì máy chấm chưa tính đủ giá trị của sản phẩm đã release và kinh nghiệm tối ưu hiệu năng. Nên mời phỏng vấn.
cv_synthetic_jd_0100_poor_fit,synthetic_jd_0100,Game Developer,poor_fit,0.244,0.3,1.0,40.6,0.6,0.2,0.2,0.0,2,10,65.0,"Có tư duy logic và sự tỉ mỉ với số liệu được rèn qua gần 3 năm làm kế toán | Biết lập trình cơ bản qua VBA cho Excel, cho thấy khả năng tiếp cận ngôn ngữ lập trình | Có bằng đại học, cao hơn mức bằng cấp tối thiểu vị trí yêu cầu | Có tinh thần chủ động, đã tự tìm hiểu C và Python ngoài chuyên môn chính","Chưa từng dùng Unity Engine hay C# — hai kỹ năng bắt buộc và là toàn bộ nội dung công việc | Không nắm các khái niệm cơ bản của Unity như đối tượng, thành phần hay vòng đời cảnh | Chưa từng tích hợp bộ công cụ quảng cáo, phân tích hay mua hàng trong ứng dụng | Chưa có bất kỳ sản phẩm game nào, trong khi công ty yêu cầu có project cá nhân hoặc đồ án làm bằng Unity","Ứng viên là kế toán viên với gần 3 năm kinh nghiệm, chưa từng lập trình game và cũng không có sản phẩm nào để chứng minh — trong khi đây là yêu cầu bắt buộc kể cả với vị trí tuyển người mới. Máy chấm cho điểm cao vì tính cả số năm đi làm ở ngành khác, nên tôi hạ xuống 65. Hồ sơ không phù hợp."
